Tahun,Tanaman,Bulan,Produksi,Suhu_Rata2_Nasional,Rata_Rata_Curah_Hujan_Nasional
2009,Karet Kering,1,50,26.74204810834121,14.921016954413838
2009,Minyak Sawit,1,1427.1,26.74204810834121,14.921016954413838
2009,Kopi,1,0.2,26.74204810834121,14.921016954413838
2009,Teh,1,8.8,26.74204810834121,14.921016954413838
2009,Gula Tebu,1,0.7,26.74204810834121,14.921016954413838
2009,Karet Kering,2,45.5,26.9197615523895,15.368212736536428
2009,Minyak Sawit,2,1188,26.9197615523895,15.368212736536428
2009,Kopi,2,0.1,26.9197615523895,15.368212736536428
2009,Teh,2,7.9,26.9197615523895,15.368212736536428
2009,Gula Tebu,2,3.6,26.9197615523895,15.368212736536428
2009,Karet Kering,3,40.1,27.03700215626189,14.88830337597585
2009,Minyak Sawit,3,1346.7,27.03700215626189,14.88830337597585
2009,Kopi,3,0.3,27.03700215626189,14.88830337597585
2009,Teh,3,8.5,27.03700215626189,14.88830337597585
2009,Gula Tebu,3,4,27.03700215626189,14.88830337597585
2009,Karet Kering,4,38.8,27.31279290976084,14.443540493648532
2009,Minyak Sawit,4,1193.5,27.31279290976084,14.443540493648532
2009,Kopi,4,0.5,27.31279290976084,14.443540493648532
2009,Teh,4,9.3,27.31279290976084,14.443540493648532
2009,Gula Tebu,4,73.3,27.31279290976084,14.443540493648532
2009,Karet Kering,5,47.2,27.259191509084168,13.275706726808584
2009,Minyak Sawit,5,1239.5,27.259191509084168,13.275706726808584
2009,Kopi,5,1.7,27.259191509084168,13.275706726808584
2009,Teh,5,10.3,27.259191509084168,13.275706726808584
2009,Gula Tebu,5,238.4,27.259191509084168,13.275706726808584
2009,Karet Kering,6,43.5,26.960703106683425,14.02062076523215
2009,Minyak Sawit,6,1263.2,26.960703106683425,14.02062076523215
2009,Kopi,6,5.2,26.960703106683425,14.02062076523215
2009,Teh,6,8.5,26.960703106683425,14.02062076523215
2009,Gula Tebu,6,402.7,26.960703106683425,14.02062076523215
2009,Karet Kering,7,45.8,26.838401567808315,10.967613124047991
2009,Minyak Sawit,7,1179.3,26.838401567808315,10.967613124047991
2009,Kopi,7,8.5,26.838401567808315,10.967613124047991
2009,Teh,7,8.4,26.838401567808315,10.967613124047991
2009,Gula Tebu,7,467.3,26.838401567808315,10.967613124047991
2009,Karet Kering,8,41.7,26.9270654574418,11.80881358089887
2009,Minyak Sawit,8,1084.2,26.9270654574418,11.80881358089887
2009,Kopi,8,8.1,26.9270654574418,11.80881358089887
2009,Teh,8,8.1,26.9270654574418,11.80881358089887
2009,Gula Tebu,8,468.5,26.9270654574418,11.80881358089887
2009,Karet Kering,9,38.4,27.34102085516558,12.22615842253704
2009,Minyak Sawit,9,867.3,27.34102085516558,12.22615842253704
2009,Kopi,9,1.8,27.34102085516558,12.22615842253704
2009,Teh,9,7.9,27.34102085516558,12.22615842253704
2009,Gula Tebu,9,362.2,27.34102085516558,12.22615842253704
2009,Karet Kering,10,38.2,27.32138257077536,12.404841235343737
2009,Minyak Sawit,10,1099.3,27.32138257077536,12.404841235343737
2009,Kopi,10,1.0,27.32138257077536,12.404841235343737
2009,Teh,10,10.0,27.32138257077536,12.404841235343737
2009,Gula Tebu,10,212.2,27.32138257077536,12.404841235343737
2009,Karet Kering,11,39.9,27.095981696701752,15.273964463983672
2009,Minyak Sawit,11,1038.7,27.095981696701752,15.273964463983672
2009,Kopi,11,0.9,27.095981696701752,15.273964463983672
2009,Teh,11,9.7,27.095981696701752,15.273964463983672
2009,Gula Tebu,11,97.3,27.095981696701752,15.273964463983672
2009,Karet Kering,12,53.2,27.07773991828169,15.819069436415612
2009,Minyak Sawit,12,945.8,27.07773991828169,15.819069436415612
2009,Kopi,12,0.3,27.07773991828169,15.819069436415612
2009,Teh,12,10,27.07773991828169,15.819069436415612
2009,Gula Tebu,12,3.7,27.07773991828169,15.819069436415612
2010,Karet Kering,1,51.8,27.00385752536082,15.267346037819872
2010,Minyak Sawit,1,1350.4,27.00385752536082,15.267346037819872
2010,Kopi,1,0.2,27.00385752536082,15.267346037819872
2010,Teh,1,8.2,27.00385752536082,15.267346037819872
2010,Gula Tebu,1,0.8,27.00385752536082,15.267346037819872
2010,Karet Kering,2,47.1,27.467351392067663,14.961433480158808
2010,Minyak Sawit,2,1160.3,27.467351392067663,14.961433480158808
2010,Kopi,2,0.1,27.467351392067663,14.961433480158808
2010,Teh,2,7.4,27.467351392067663,14.961433480158808
2010,Gula Tebu,2,3.6,27.467351392067663,14.961433480158808
2010,Karet Kering,3,41.6,27.41670459898047,15.606149919213674
2010,Minyak Sawit,3,1300.6,27.41670459898047,15.606149919213674
2010,Kopi,3,0.2,27.41670459898047,15.606149919213674
2010,Teh,3,9.7,27.41670459898047,15.606149919213674
2010,Gula Tebu,3,4.1,27.41670459898047,15.606149919213674
2010,Karet Kering,4,40.2,27.63097228948857,14.448325231858089
2010,Minyak Sawit,4,1180.8,27.63097228948857,14.448325231858089
2010,Kopi,4,0.4,27.63097228948857,14.448325231858089
2010,Teh,4,9.1,27.63097228948857,14.448325231858089
2010,Gula Tebu,4,70.3,27.63097228948857,14.448325231858089
2010,Karet Kering,5,48.9,27.55837118680592,14.284084140881024
2010,Minyak Sawit,5,1216.9,27.55837118680592,14.284084140881024
2010,Kopi,5,1.5,27.55837118680592,14.284084140881024
2010,Teh,5,9.7,27.55837118680592,14.284084140881024
2010,Gula Tebu,5,236.5,27.55837118680592,14.284084140881024
2010,Karet Kering,6,45.1,27.06483984041796,14.347400999266696
2010,Minyak Sawit,6,1271.6,27.06483984041796,14.347400999266696
2010,Kopi,6,4.7,27.06483984041796,14.347400999266696
2010,Teh,6,8.8,27.06483984041796,14.347400999266696
2010,Gula Tebu,6,395,27.06483984041796,14.347400999266696
2010,Karet Kering,7,47.5,26.88106238452849,14.517195711832944
2010,Minyak Sawit,7,1202.4,26.88106238452849,14.517195711832944
2010,Kopi,7,8.3,26.88106238452849,14.517195711832944
2010,Teh,7,7.7,26.88106238452849,14.517195711832944
2010,Gula Tebu,7,457.2,26.88106238452849,14.517195711832944
2010,Karet Kering,8,43.3,26.99893301364329,14.635958835358648
2010,Minyak Sawit,8,1139.5,26.99893301364329,14.635958835358648
2010,Kopi,8,7.4,26.99893301364329,14.635958835358648
2010,Teh,8,7.6,26.99893301364329,14.635958835358648
2010,Gula Tebu,8,460.3,26.99893301364329,14.635958835358648
2010,Karet Kering,9,39.9,27.025594077359766,14.958619813755032
2010,Minyak Sawit,9,979.3,27.025594077359766,14.958619813755032
2010,Kopi,9,2.4,27.025594077359766,14.958619813755032
2010,Teh,9,7.7,27.025594077359766,14.958619813755032
2010,Gula Tebu,9,354,27.025594077359766,14.958619813755032
2010,Karet Kering,10,39.7,27.122844486434143,15.424878373361553
2010,Minyak Sawit,10,1130.7,27.122844486434143,15.424878373361553
2010,Kopi,10,1.5,27.122844486434143,15.424878373361553
2010,Teh,10,8.4,27.122844486434143,15.424878373361553
2010,Gula Tebu,10,206.4,27.122844486434143,15.424878373361553
2010,Karet Kering,11,41.4,27.200880203227108,15.052280143226174
2010,Minyak Sawit,11,1082.8,27.200880203227108,15.052280143226174
2010,Kopi,11,1.4,27.200880203227108,15.052280143226174
2010,Teh,11,7.8,27.200880203227108,15.052280143226174
2010,Gula Tebu,11,96.3,27.200880203227108,15.052280143226174
2010,Karet Kering,12,55.1,26.884467611572457,14.99320829132195
2010,Minyak Sawit,12,1023.0,26.884467611572457,14.99320829132195
2010,Kopi,12,0.8,26.884467611572457,14.99320829132195
2010,Teh,12,7.9,26.884467611572457,14.99320829132195
2010,Gula Tebu,12,4.1,26.884467611572457,14.99320829132195
2011,Karet Kering,1,54.85,26.61578818804069,14.41610979390278
2011,Minyak Sawit,1,1555.87,26.61578818804069,14.41610979390278
2011,Kopi,1,0.11,26.61578818804069,14.41610979390278
2011,Teh,1,7.78,26.61578818804069,14.41610979390278
2011,Gula Tebu,1,1.14,26.61578818804069,14.41610979390278
2011,Karet Kering,2,49.92,26.86473232374621,14.255852166718194
2011,Minyak Sawit,2,1293.69,26.86473232374621,14.255852166718194
2011,Kopi,2,0.16,26.86473232374621,14.255852166718194
2011,Teh,2,6.89,26.86473232374621,14.255852166718194
2011,Gula Tebu,2,5.24,26.86473232374621,14.255852166718194
2011,Karet Kering,3,43.98,26.824296740735747,14.52992880714132
2011,Minyak Sawit,3,1457.4,26.824296740735747,14.52992880714132
2011,Kopi,3,0.09,26.824296740735747,14.52992880714132
2011,Teh,3,8.86,26.824296740735747,14.52992880714132
2011,Gula Tebu,3,5.97,26.824296740735747,14.52992880714132
2011,Karet Kering,4,42.44,26.96652266290238,14.66480801235711
2011,Minyak Sawit,4,1297.32,26.96652266290238,14.66480801235711
2011,Kopi,4,0.08,26.96652266290238,14.66480801235711
2011,Teh,4,8.42,26.96652266290238,14.66480801235711
2011,Gula Tebu,4,77.24,26.96652266290238,14.66480801235711
2011,Karet Kering,5,51.67,27.02041159412096,14.938222832443374
2011,Minyak Sawit,5,1343.1,27.02041159412096,14.938222832443374
2011,Kopi,5,0.16,27.02041159412096,14.938222832443374
2011,Teh,5,8.66,27.02041159412096,14.938222832443374
2011,Gula Tebu,5,252.67,27.02041159412096,14.938222832443374
2011,Karet Kering,6,47.61,26.7285460175556,14.26261511143512
2011,Minyak Sawit,6,1388.57,26.7285460175556,14.26261511143512
2011,Kopi,6,1.65,26.7285460175556,14.26261511143512
2011,Teh,6,8.54,26.7285460175556,14.26261511143512
2011,Gula Tebu,6,412.16,26.7285460175556,14.26261511143512
2011,Karet Kering,7,50.26,26.69297714471908,12.530012984979969
2011,Minyak Sawit,7,1295.36,26.69297714471908,12.530012984979969
2011,Kopi,7,6.65,26.69297714471908,12.530012984979969
2011,Teh,7,7.38,26.69297714471908,12.530012984979969
2011,Gula Tebu,7,449.62,26.69297714471908,12.530012984979969
2011,Karet Kering,8,45.87,26.78914344058228,11.340461013257109
2011,Minyak Sawit,8,1201.17,26.78914344058228,11.340461013257109
2011,Kopi,8,5.74,26.78914344058228,11.340461013257109
2011,Teh,8,6.92,26.78914344058228,11.340461013257109
2011,Gula Tebu,8,428.76,26.78914344058228,11.340461013257109
2011,Karet Kering,9,42.25,27.000680750674046,11.848471227464112
2011,Minyak Sawit,9,961.25,27.000680750674046,11.848471227464112
2011,Kopi,9,1.72,27.000680750674046,11.848471227464112
2011,Teh,9,7.69,27.000680750674046,11.848471227464112
2011,Gula Tebu,9,343.61,27.000680750674046,11.848471227464112
2011,Karet Kering,10,41.93,27.23030219078152,11.656805647356084
2011,Minyak Sawit,10,1212.67,27.23030219078152,11.656805647356084
2011,Kopi,10,2.35,27.23030219078152,11.656805647356084
2011,Teh,10,7.81,27.23030219078152,11.656805647356084
2011,Gula Tebu,10,198.97,27.23030219078152,11.656805647356084
2011,Karet Kering,11,43.76,27.22227549026112,15.376904103762348
2011,Minyak Sawit,11,1152.03,27.22227549026112,15.376904103762348
2011,Kopi,11,2.18,27.22227549026112,15.376904103762348
2011,Teh,11,7.77,27.22227549026112,15.376904103762348
2011,Gula Tebu,11,64.64,27.22227549026112,15.376904103762348
2011,Karet Kering,12,58.27,27.036568900031124,16.89926335009562
2011,Minyak Sawit,12,1039.62,27.036568900031124,16.89926335009562
2011,Kopi,12,1.34,27.036568900031124,16.89926335009562
2011,Teh,12,8.4,27.036568900031124,16.89926335009562
2011,Gula Tebu,12,4.14,27.036568900031124,16.89926335009562
2012,Karet Kering,1,55.8,26.973950889473013,14.15296999886635
2012,Minyak Sawit,1,1720.83,26.973950889473013,14.15296999886635
2012,Kopi,1,0.07,26.973950889473013,14.15296999886635
2012,Teh,1,7.7,26.973950889473013,14.15296999886635
2012,Gula Tebu,1,1.22,26.973950889473013,14.15296999886635
2012,Karet Kering,2,50.79,27.021427738320185,14.058248793304394
2012,Minyak Sawit,2,1432.38,27.021427738320185,14.058248793304394
2012,Kopi,2,0.08,27.021427738320185,14.058248793304394
2012,Teh,2,7.17,27.021427738320185,14.058248793304394
2012,Gula Tebu,2,5.18,27.021427738320185,14.058248793304394
2012,Karet Kering,3,44.74,27.02435390662634,16.00669328806914
2012,Minyak Sawit,3,1611.7,27.02435390662634,16.00669328806914
2012,Kopi,3,0.16,27.02435390662634,16.00669328806914
2012,Teh,3,8.53,27.02435390662634,16.00669328806914
2012,Gula Tebu,3,6.11,27.02435390662634,16.00669328806914
2012,Karet Kering,4,43.17,27.156714128422745,14.65568585935164
2012,Minyak Sawit,4,1434.3,27.156714128422745,14.65568585935164
2012,Kopi,4,0.4,27.156714128422745,14.65568585935164
2012,Teh,4,8.12,27.156714128422745,14.65568585935164
2012,Gula Tebu,4,74.15,27.156714128422745,14.65568585935164
2012,Karet Kering,5,52.57,27.128909544533386,15.736076810492394
2012,Minyak Sawit,5,1486.59,27.128909544533386,15.736076810492394
2012,Kopi,5,1.57,27.128909544533386,15.736076810492394
2012,Teh,5,8.47,27.128909544533386,15.736076810492394
2012,Gula Tebu,5,276.35,27.128909544533386,15.736076810492394
2012,Karet Kering,6,48.44,26.92587378488304,13.618515212872524
2012,Minyak Sawit,6,1535.39,26.92587378488304,13.618515212872524
2012,Kopi,6,4.79,26.92587378488304,13.618515212872524
2012,Teh,6,8.03,26.92587378488304,13.618515212872524
2012,Gula Tebu,6,463.77,26.92587378488304,13.618515212872524
2012,Karet Kering,7,51.14,26.671087147986388,12.777668894724302
2012,Minyak Sawit,7,1431.03,26.671087147986388,12.777668894724302
2012,Kopi,7,8.52,26.671087147986388,12.777668894724302
2012,Teh,7,6.96,26.671087147986388,12.777668894724302
2012,Gula Tebu,7,520.5,26.671087147986388,12.777668894724302
2012,Karet Kering,8,46.67,26.80204634217593,11.922453603922849
2012,Minyak Sawit,8,1326.04,26.80204634217593,11.922453603922849
2012,Kopi,8,7.56,26.80204634217593,11.922453603922849
2012,Teh,8,6.62,26.80204634217593,11.922453603922849
2012,Gula Tebu,8,490.82,26.80204634217593,11.922453603922849
2012,Karet Kering,9,42.99,27.18892044832562,12.872463403056573
2012,Minyak Sawit,9,1063.01,27.18892044832562,12.872463403056573
2012,Kopi,9,2.45,27.18892044832562,12.872463403056573
2012,Teh,9,6.92,27.18892044832562,12.872463403056573
2012,Gula Tebu,9,443.57,27.18892044832562,12.872463403056573
2012,Karet Kering,10,42.65,27.32855020275321,12.84675228969335
2012,Minyak Sawit,10,1344.62,27.32855020275321,12.84675228969335
2012,Kopi,10,1.49,27.32855020275321,12.84675228969335
2012,Teh,10,7.35,27.32855020275321,12.84675228969335
2012,Gula Tebu,10,238.5,27.32855020275321,12.84675228969335
2012,Karet Kering,11,44.52,27.263578906391302,14.646100802669704
2012,Minyak Sawit,11,1278.01,27.263578906391302,14.646100802669704
2012,Kopi,11,1.38,27.263578906391302,14.646100802669704
2012,Teh,11,7.94,27.263578906391302,14.646100802669704
2012,Gula Tebu,11,68.33,27.263578906391302,14.646100802669704
2012,Karet Kering,12,59.28,27.08977233831795,14.752335658602393
2012,Minyak Sawit,12,1153.89,27.08977233831795,14.752335658602393
2012,Kopi,12,0.85,27.08977233831795,14.752335658602393
2012,Teh,12,7.85,27.08977233831795,14.752335658602393
2012,Gula Tebu,12,4.08,27.08977233831795,14.752335658602393
2013,Karet Kering,1,60.04,26.67011246229625,16.08957966595077
2013,Minyak Sawit,1,1572.21,26.67011246229625,16.08957966595077
2013,Kopi,1,0.09,26.67011246229625,16.08957966595077
2013,Teh,1,7.51,26.67011246229625,16.08957966595077
2013,Gula Tebu,1,0.0,26.67011246229625,16.08957966595077
2013,Karet Kering,2,52.15,26.648498246623323,15.715151412546154
2013,Minyak Sawit,2,1311.11,26.648498246623323,15.715151412546154
2013,Kopi,2,0.09,26.648498246623323,15.715151412546154
2013,Teh,2,6.54,26.648498246623323,15.715151412546154
2013,Gula Tebu,2,0.0,26.648498246623323,15.715151412546154
2013,Karet Kering,3,51.24,26.99649946839231,13.779192992489332
2013,Minyak Sawit,3,1485.47,26.99649946839231,13.779192992489332
2013,Kopi,3,0.2,26.99649946839231,13.779192992489332
2013,Teh,3,6.31,26.99649946839231,13.779192992489332
2013,Gula Tebu,3,0.0,26.99649946839231,13.779192992489332
2013,Karet Kering,4,47.67,26.96882856778629,14.95970241279934
2013,Minyak Sawit,4,1593.52,26.96882856778629,14.95970241279934
2013,Kopi,4,0.78,26.96882856778629,14.95970241279934
2013,Teh,4,8.93,26.96882856778629,14.95970241279934
2013,Gula Tebu,4,44.15,26.96882856778629,14.95970241279934
2013,Karet Kering,5,51.0,26.897609888519703,13.269045639701194
2013,Minyak Sawit,5,1560.58,26.897609888519703,13.269045639701194
2013,Kopi,5,3.12,26.897609888519703,13.269045639701194
2013,Teh,5,8.93,26.897609888519703,13.269045639701194
2013,Gula Tebu,5,58.87,26.897609888519703,13.269045639701194
2013,Karet Kering,6,47.04,27.029637653010774,12.515372242483188
2013,Minyak Sawit,6,1630.9,27.029637653010774,12.515372242483188
2013,Kopi,6,2.77,27.029637653010774,12.515372242483188
2013,Teh,6,8.47,27.029637653010774,12.515372242483188
2013,Gula Tebu,6,94.2,27.029637653010774,12.515372242483188
2013,Karet Kering,7,54.1,26.3558997098365,14.102165739246091
2013,Minyak Sawit,7,1370.56,26.3558997098365,14.102165739246091
2013,Kopi,7,4.93,26.3558997098365,14.102165739246091
2013,Teh,7,9.09,26.3558997098365,14.102165739246091
2013,Gula Tebu,7,588.72,26.3558997098365,14.102165739246091
2013,Karet Kering,8,54.16,26.53040929929277,12.350487354229664
2013,Minyak Sawit,8,1366.1,26.53040929929277,12.350487354229664
2013,Kopi,8,5.15,26.53040929929277,12.350487354229664
2013,Teh,8,8.13,26.53040929929277,12.350487354229664
2013,Gula Tebu,8,559.28,26.53040929929277,12.350487354229664
2013,Karet Kering,9,54.23,26.669126324473,12.893663911979822
2013,Minyak Sawit,9,1361.63,26.669126324473,12.893663911979822
2013,Kopi,9,4.12,26.669126324473,12.893663911979822
2013,Teh,9,8.1,26.669126324473,12.893663911979822
2013,Gula Tebu,9,500.41,26.669126324473,12.893663911979822
2013,Karet Kering,10,60.25,26.848033203631037,11.671500785509044
2013,Minyak Sawit,10,1375.0,26.848033203631037,11.671500785509044
2013,Kopi,10,3.83,26.848033203631037,11.671500785509044
2013,Teh,10,8.07,26.848033203631037,11.671500785509044
2013,Gula Tebu,10,396.36,26.848033203631037,11.671500785509044
2013,Karet Kering,11,62.97,26.551211501169995,13.77134331079501
2013,Minyak Sawit,11,1379.46,26.551211501169995,13.77134331079501
2013,Kopi,11,2.36,26.551211501169995,13.77134331079501
2013,Teh,11,8.04,26.551211501169995,13.77134331079501
2013,Gula Tebu,11,236.87,26.551211501169995,13.77134331079501
2013,Karet Kering,12,75.57,26.584695826911517,16.10625206136308
2013,Minyak Sawit,12,1383.93,26.584695826911517,16.10625206136308
2013,Kopi,12,2.36,26.584695826911517,16.10625206136308
2013,Teh,12,8.0,26.584695826911517,16.10625206136308
2013,Gula Tebu,12,75.89,26.584695826911517,16.10625206136308
2014,Karet Kering,1,52.7,26.620386318670565,15.292044640510529
2014,Minyak Sawit,1,1455.57,26.620386318670565,15.292044640510529
2014,Kopi,1,-,26.620386318670565,15.292044640510529
2014,Teh,1,8.69,26.620386318670565,15.292044640510529
2014,Gula Tebu,1,1.03,26.620386318670565,15.292044640510529
2014,Karet Kering,2,51.3,26.74268943794932,15.346666128754867
2014,Minyak Sawit,2,1375.33,26.74268943794932,15.346666128754867
2014,Kopi,2,-,26.74268943794932,15.346666128754867
2014,Teh,2,7.86,26.74268943794932,15.346666128754867
2014,Gula Tebu,2,3.95,26.74268943794932,15.346666128754867
2014,Karet Kering,3,49.9,27.12095280933004,12.863805747200924
2014,Minyak Sawit,3,1506.96,27.12095280933004,12.863805747200924
2014,Kopi,3,-,27.12095280933004,12.863805747200924
2014,Teh,3,9.36,27.12095280933004,12.863805747200924
2014,Gula Tebu,3,4.01,27.12095280933004,12.863805747200924
2014,Karet Kering,4,46.3,27.26753630921972,13.55678065772931
2014,Minyak Sawit,4,1609.76,27.26753630921972,13.55678065772931
2014,Kopi,4,-,27.26753630921972,13.55678065772931
2014,Teh,4,9.29,27.26753630921972,13.55678065772931
2014,Gula Tebu,4,50.88,27.26753630921972,13.55678065772931
2014,Karet Kering,5,51.3,27.22419389590113,11.54119961246803
2014,Minyak Sawit,5,1635.14,27.22419389590113,11.54119961246803
2014,Kopi,5,-,27.22419389590113,11.54119961246803
2014,Teh,5,9.56,27.22419389590113,11.54119961246803
2014,Gula Tebu,5,147.48,27.22419389590113,11.54119961246803
2014,Karet Kering,6,51.1,27.130122797531488,11.921359575286578
2014,Minyak Sawit,6,1653.7,27.130122797531488,11.921359575286578
2014,Kopi,6,-,27.130122797531488,11.921359575286578
2014,Teh,6,8.63,27.130122797531488,11.921359575286578
2014,Gula Tebu,6,188.33,27.130122797531488,11.921359575286578
2014,Karet Kering,7,52.1,26.961275884348822,10.581967883530504
2014,Minyak Sawit,7,1537.23,26.961275884348822,10.581967883530504
2014,Kopi,7,-,26.961275884348822,10.581967883530504
2014,Teh,7,8.22,26.961275884348822,10.581967883530504
2014,Gula Tebu,7,214.26,26.961275884348822,10.581967883530504
2014,Karet Kering,8,46,26.657695588084643,11.540603873840706
2014,Minyak Sawit,8,1829.98,26.657695588084643,11.540603873840706
2014,Kopi,8,-,26.657695588084643,11.540603873840706
2014,Teh,8,8.12,26.657695588084643,11.540603873840706
2014,Gula Tebu,8,240.35,26.657695588084643,11.540603873840706
2014,Karet Kering,9,39.53,26.96824066828591,11.513870858978468
2014,Minyak Sawit,9,1745.77,26.96824066828591,11.513870858978468
2014,Kopi,9,-,26.96824066828591,11.513870858978468
2014,Teh,9,7.97,26.96824066828591,11.513870858978468
2014,Gula Tebu,9,184.14,26.96824066828591,11.513870858978468
2014,Karet Kering,10,41.9,27.351341172566144,10.425231008333894
2014,Minyak Sawit,10,1644.51,27.351341172566144,10.425231008333894
2014,Kopi,10,-,27.351341172566144,10.425231008333894
2014,Teh,10,8.42,27.351341172566144,10.425231008333894
2014,Gula Tebu,10,119.61,27.351341172566144,10.425231008333894
2014,Karet Kering,11,42.5,27.243719301775528,14.60139053126287
2014,Minyak Sawit,11,1572.18,27.243719301775528,14.60139053126287
2014,Kopi,11,-,27.243719301775528,14.60139053126287
2014,Teh,11,8.61,27.243719301775528,14.60139053126287
2014,Gula Tebu,11,38.34,27.243719301775528,14.60139053126287
2014,Karet Kering,12,45.12,27.078076244261645,15.86498376483158
2014,Minyak Sawit,12,1506.66,27.078076244261645,15.86498376483158
2014,Kopi,12,-,27.078076244261645,15.86498376483158
2014,Teh,12,8.78,27.078076244261645,15.86498376483158
2014,Gula Tebu,12,3.89,27.078076244261645,15.86498376483158
2015,Karet Kering,1,35.68,26.687716174817297,14.334857218401329
2015,Minyak Sawit,1,1564.6,26.687716174817297,14.334857218401329
2015,Kopi,1,-,26.687716174817297,14.334857218401329
2015,Teh,1,7.6,26.687716174817297,14.334857218401329
2015,Gula Tebu,1,0.5,26.687716174817297,14.334857218401329
2015,Karet Kering,2,35.56,26.722404765018556,15.154615357138455
2015,Minyak Sawit,2,1470.59,26.722404765018556,15.154615357138455
2015,Kopi,2,-,26.722404765018556,15.154615357138455
2015,Teh,2,6.4,26.722404765018556,15.154615357138455
2015,Gula Tebu,2,2.99,26.722404765018556,15.154615357138455
2015,Karet Kering,3,35.84,26.844029486980816,13.35903414324945
2015,Minyak Sawit,3,1611.54,26.844029486980816,13.35903414324945
2015,Kopi,3,-,26.844029486980816,13.35903414324945
2015,Teh,3,6.73,26.844029486980816,13.35903414324945
2015,Gula Tebu,3,4,26.844029486980816,13.35903414324945
2015,Karet Kering,4,31.9,27.055090552837,12.632346432115884
2015,Minyak Sawit,4,1713.73,27.055090552837,12.632346432115884
2015,Kopi,4,-,27.055090552837,12.632346432115884
2015,Teh,4,8.53,27.055090552837,12.632346432115884
2015,Gula Tebu,4,38.55,27.055090552837,12.632346432115884
2015,Karet Kering,5,41.58,27.054174551189245,11.945956442698376
2015,Minyak Sawit,5,1752.77,27.054174551189245,11.945956442698376
2015,Kopi,5,-,27.054174551189245,11.945956442698376
2015,Teh,5,7.86,27.054174551189245,11.945956442698376
2015,Gula Tebu,5,125.35,27.054174551189245,11.945956442698376
2015,Karet Kering,6,41.31,26.74660045406416,12.49734986923551
2015,Minyak Sawit,6,1778.8,26.74660045406416,12.49734986923551
2015,Kopi,6,-,26.74660045406416,12.49734986923551
2015,Teh,6,7.77,26.74660045406416,12.49734986923551
2015,Gula Tebu,6,177.89,26.74660045406416,12.49734986923551
2015,Karet Kering,7,35.21,26.872989157118063,8.473026596407434
2015,Minyak Sawit,7,1658.42,26.872989157118063,8.473026596407434
2015,Kopi,7,-,26.872989157118063,8.473026596407434
2015,Teh,7,6.47,26.872989157118063,8.473026596407434
2015,Gula Tebu,7,212.06,26.872989157118063,8.473026596407434
2015,Karet Kering,8,31,26.84783127455619,9.375993959708165
2015,Minyak Sawit,8,1975.09,26.84783127455619,9.375993959708165
2015,Kopi,8,-,26.84783127455619,9.375993959708165
2015,Teh,8,6.84,26.84783127455619,9.375993959708165
2015,Gula Tebu,8,297.4,26.84783127455619,9.375993959708165
2015,Karet Kering,9,74.03,27.06326767876037,9.504406833778894
2015,Minyak Sawit,9,1903.36,27.06326767876037,9.504406833778894
2015,Kopi,9,-,27.06326767876037,9.504406833778894
2015,Teh,9,6.32,27.06326767876037,9.504406833778894
2015,Gula Tebu,9,244.1,27.06326767876037,9.504406833778894
2015,Karet Kering,10,72.08,27.216911328786463,9.683334745663691
2015,Minyak Sawit,10,1782.41,27.216911328786463,9.683334745663691
2015,Kopi,10,-,27.216911328786463,9.683334745663691
2015,Teh,10,6.18,27.216911328786463,9.683334745663691
2015,Gula Tebu,10,91.04,27.216911328786463,9.683334745663691
2015,Karet Kering,11,63.85,27.52373014000501,13.217328928289255
2015,Minyak Sawit,11,1703.38,27.52373014000501,13.217328928289255
2015,Kopi,11,-,27.52373014000501,13.217328928289255
2015,Teh,11,5.94,27.52373014000501,13.217328928289255
2015,Gula Tebu,11,16.57,27.52373014000501,13.217328928289255
2015,Karet Kering,12,78.73,27.191404406256048,14.652809785458828
2015,Minyak Sawit,12,1627.53,27.191404406256048,14.652809785458828
2015,Kopi,12,-,27.191404406256048,14.652809785458828
2015,Teh,12,6.51,27.191404406256048,14.652809785458828
2015,Gula Tebu,12,1.93,27.191404406256048,14.652809785458828
2016,Karet Kering,1,37.54,27.50027383361371,13.859587821958234
2016,Minyak Sawit,1,1594.51,27.50027383361371,13.859587821958234
2016,Kopi,1,0.01,27.50027383361371,13.859587821958234
2016,Teh,1,8.58,27.50027383361371,13.859587821958234
2016,Gula Tebu,1,0.16,27.50027383361371,13.859587821958234
2016,Karet Kering,2,37.44,27.40438081629212,16.036787651006282
2016,Minyak Sawit,2,1523.1,27.40438081629212,16.036787651006282
2016,Kopi,2,0,27.40438081629212,16.036787651006282
2016,Teh,2,7.57,27.40438081629212,16.036787651006282
2016,Gula Tebu,2,2.81,27.40438081629212,16.036787651006282
2016,Karet Kering,3,37.76,27.768865809717607,13.88046835676668
2016,Minyak Sawit,3,1498.2,27.768865809717607,13.88046835676668
2016,Kopi,3,0.01,27.768865809717607,13.88046835676668
2016,Teh,3,7.68,27.768865809717607,13.88046835676668
2016,Gula Tebu,3,4.11,27.768865809717607,13.88046835676668
2016,Karet Kering,4,33.6,27.842248599703808,13.232595673723155
2016,Minyak Sawit,4,1515.88,27.842248599703808,13.232595673723155
2016,Kopi,4,0.19,27.842248599703808,13.232595673723155
2016,Teh,4,8.4,27.842248599703808,13.232595673723155
2016,Gula Tebu,4,37.81,27.842248599703808,13.232595673723155
2016,Karet Kering,5,43.52,27.854217513471056,13.310338565081755
2016,Minyak Sawit,5,1505.81,27.854217513471056,13.310338565081755
2016,Kopi,5,0.55,27.854217513471056,13.310338565081755
2016,Teh,5,7.85,27.854217513471056,13.310338565081755
2016,Gula Tebu,5,102.12,27.854217513471056,13.310338565081755
2016,Karet Kering,6,43.3,27.34149299087064,14.246110351878183
2016,Minyak Sawit,6,1576.95,27.34149299087064,14.246110351878183
2016,Kopi,6,0.96,27.34149299087064,14.246110351878183
2016,Teh,6,7.6,27.34149299087064,14.246110351878183
2016,Gula Tebu,6,146.2,27.34149299087064,14.246110351878183
2016,Karet Kering,7,37.01,27.19471444385533,13.198183885741372
2016,Minyak Sawit,7,1496.82,27.19471444385533,13.198183885741372
2016,Kopi,7,1.35,27.19471444385533,13.198183885741372
2016,Teh,7,7.26,27.19471444385533,13.198183885741372
2016,Gula Tebu,7,171.27,27.19471444385533,13.198183885741372
2016,Karet Kering,8,32.64,27.41208207252317,11.726075402684767
2016,Minyak Sawit,8,1671.25,27.41208207252317,11.726075402684767
2016,Kopi,8,1.53,27.41208207252317,11.726075402684767
2016,Teh,8,7.48,27.41208207252317,11.726075402684767
2016,Gula Tebu,8,251.97,27.41208207252317,11.726075402684767
2016,Karet Kering,9,77.04,27.43152129034399,13.902257873686647
2016,Minyak Sawit,9,2001.68,27.43152129034399,13.902257873686647
2016,Kopi,9,1.35,27.43152129034399,13.902257873686647
2016,Teh,9,6.92,27.43152129034399,13.902257873686647
2016,Gula Tebu,9,210.47,27.43152129034399,13.902257873686647
2016,Karet Kering,10,75.05,27.46237123573834,13.33284078349469
2016,Minyak Sawit,10,1891.22,27.46237123573834,13.33284078349469
2016,Kopi,10,1.17,27.46237123573834,13.33284078349469
2016,Teh,10,7.06,27.46237123573834,13.33284078349469
2016,Gula Tebu,10,96.39,27.46237123573834,13.33284078349469
2016,Karet Kering,11,66.53,27.50102242978037,14.223858229830096
2016,Minyak Sawit,11,1841.75,27.50102242978037,14.223858229830096
2016,Kopi,11,0.85,27.50102242978037,14.223858229830096
2016,Teh,11,7.13,27.50102242978037,14.223858229830096
2016,Gula Tebu,11,49,27.50102242978037,14.223858229830096
2016,Karet Kering,12,81.79,27.352271440806422,14.6468345141559
2016,Minyak Sawit,12,1795.29,27.352271440806422,14.6468345141559
2016,Kopi,12,0.31,27.352271440806422,14.6468345141559
2016,Teh,12,7.54,27.352271440806422,14.6468345141559
2016,Gula Tebu,12,29.38,27.352271440806422,14.6468345141559
2017,Karet Kering,1,39.23,26.75965150694208,14.682592129060946
2017,Minyak Sawit,1,1833.26,26.75965150694208,14.682592129060946
2017,Kopi,1,0.03,26.75965150694208,14.682592129060946
2017,Teh,1,7.73,26.75965150694208,14.682592129060946
2017,Gula Tebu,1,0,26.75965150694208,14.682592129060946
2017,Karet Kering,2,39.36,26.78345912835517,15.098305097418734
2017,Minyak Sawit,2,1710.8,26.78345912835517,15.098305097418734
2017,Kopi,2,0.05,26.78345912835517,15.098305097418734
2017,Teh,2,7.28,26.78345912835517,15.098305097418734
2017,Gula Tebu,2,0.02,26.78345912835517,15.098305097418734
2017,Karet Kering,3,39.66,27.045340982501312,14.510284297261537
2017,Minyak Sawit,3,1758.03,27.045340982501312,14.510284297261537
2017,Kopi,3,0.05,27.045340982501312,14.510284297261537
2017,Teh,3,7.14,27.045340982501312,14.510284297261537
2017,Gula Tebu,3,4.27,27.045340982501312,14.510284297261537
2017,Karet Kering,4,35.23,27.167417759404923,13.853551871355576
2017,Minyak Sawit,4,1721.95,27.167417759404923,13.853551871355576
2017,Kopi,4,1.14,27.167417759404923,13.853551871355576
2017,Teh,4,8.06,27.167417759404923,13.853551871355576
2017,Gula Tebu,4,45.21,27.167417759404923,13.853551871355576
2017,Karet Kering,5,45.53,27.29357065648585,13.896949876344502
2017,Minyak Sawit,5,1809.5,27.29357065648585,13.896949876344502
2017,Kopi,5,2.24,27.29357065648585,13.896949876344502
2017,Teh,5,8.08,27.29357065648585,13.896949876344502
2017,Gula Tebu,5,75.26,27.29357065648585,13.896949876344502
2017,Karet Kering,6,45.36,26.86866143763393,14.14210481511969
2017,Minyak Sawit,6,1684.22,26.86866143763393,14.14210481511969
2017,Kopi,6,3.89,26.86866143763393,14.14210481511969
2017,Teh,6,6.93,26.86866143763393,14.14210481511969
2017,Gula Tebu,6,101.91,26.86866143763393,14.14210481511969
2017,Karet Kering,7,38.87,26.910693999707387,11.82736335945065
2017,Minyak Sawit,7,1944.41,26.910693999707387,11.82736335945065
2017,Kopi,7,4.75,26.910693999707387,11.82736335945065
2017,Teh,7,8.2,26.910693999707387,11.82736335945065
2017,Gula Tebu,7,194.91,26.910693999707387,11.82736335945065
2017,Karet Kering,8,34.32,26.846355470235416,11.445835196744628
2017,Minyak Sawit,8,1897.57,26.846355470235416,11.445835196744628
2017,Kopi,8,5.14,26.846355470235416,11.445835196744628
2017,Teh,8,7.11,26.846355470235416,11.445835196744628
2017,Gula Tebu,8,230.03,26.846355470235416,11.445835196744628
2017,Karet Kering,9,80.08,27.045990113292387,12.48630745876869
2017,Minyak Sawit,9,1886.92,27.045990113292387,12.48630745876869
2017,Kopi,9,4.89,27.045990113292387,12.48630745876869
2017,Teh,9,6.88,27.045990113292387,12.48630745876869
2017,Gula Tebu,9,205.6,27.045990113292387,12.48630745876869
2017,Karet Kering,10,78.15,27.38720388650584,13.879916877465638
2017,Minyak Sawit,10,1840.43,27.38720388650584,13.879916877465638
2017,Kopi,10,4.48,27.38720388650584,13.879916877465638
2017,Teh,10,7.77,27.38720388650584,13.879916877465638
2017,Gula Tebu,10,73.6,27.38720388650584,13.879916877465638
2017,Karet Kering,11,69.33,27.09089914998385,15.228087706375804
2017,Minyak Sawit,11,1843.96,27.09089914998385,15.228087706375804
2017,Kopi,11,2.79,27.09089914998385,15.228087706375804
2017,Teh,11,8.29,27.09089914998385,15.228087706375804
2017,Gula Tebu,11,34.09,27.09089914998385,15.228087706375804
2017,Karet Kering,12,85.09,26.91091830139137,15.37046514875483
2017,Minyak Sawit,12,1818.06,26.91091830139137,15.37046514875483
2017,Kopi,12,0.85,26.91091830139137,15.37046514875483
2017,Teh,12,8.46,26.91091830139137,15.37046514875483
2017,Gula Tebu,12,11.98,26.91091830139137,15.37046514875483
2018,Karet Kering,1,40.16,26.89506525674387,14.056302403922842
2018,Minyak Sawit,1,2064.89,26.89506525674387,14.056302403922842
2018,Kopi,1,0.02,26.89506525674387,14.056302403922842
2018,Teh,1,8.71,26.89506525674387,14.056302403922842
2018,Gula Tebu,1,0,26.89506525674387,14.056302403922842
2018,Karet Kering,2,40.01,26.94476810669792,14.897432679071535
2018,Minyak Sawit,2,1957.06,26.94476810669792,14.897432679071535
2018,Kopi,2,0.07,26.94476810669792,14.897432679071535
2018,Teh,2,6.56,26.94476810669792,14.897432679071535
2018,Gula Tebu,2,0.93,26.94476810669792,14.897432679071535
2018,Karet Kering,3,39.15,27.08739581217305,14.53962670686149
2018,Minyak Sawit,3,2151.51,27.08739581217305,14.53962670686149
2018,Kopi,3,0.03,27.08739581217305,14.53962670686149
2018,Teh,3,7.15,27.08739581217305,14.53962670686149
2018,Gula Tebu,3,4.6,27.08739581217305,14.53962670686149
2018,Karet Kering,4,36.73,27.309015354342296,13.032338147596889
2018,Minyak Sawit,4,2234.59,27.309015354342296,13.032338147596889
2018,Kopi,4,0.71,27.309015354342296,13.032338147596889
2018,Teh,4,8.22,27.309015354342296,13.032338147596889
2018,Gula Tebu,4,75.58,27.309015354342296,13.032338147596889
2018,Karet Kering,5,42.75,27.33824569285415,11.52819515081647
2018,Minyak Sawit,5,2394.14,27.33824569285415,11.52819515081647
2018,Kopi,5,2.33,27.33824569285415,11.52819515081647
2018,Teh,5,7.71,27.33824569285415,11.52819515081647
2018,Gula Tebu,5,113.83,27.33824569285415,11.52819515081647
2018,Karet Kering,6,42.95,26.93789391436103,12.59683178129842
2018,Minyak Sawit,6,2172.37,26.93789391436103,12.59683178129842
2018,Kopi,6,4.4,26.93789391436103,12.59683178129842
2018,Teh,6,6.4,26.93789391436103,12.59683178129842
2018,Gula Tebu,6,111.1,26.93789391436103,12.59683178129842
2018,Karet Kering,7,40.28,26.97725103514952,10.091305097065032
2018,Minyak Sawit,7,2579.02,26.97725103514952,10.091305097065032
2018,Kopi,7,7.05,26.97725103514952,10.091305097065032
2018,Teh,7,7.65,26.97725103514952,10.091305097065032
2018,Gula Tebu,7,172.26,26.97725103514952,10.091305097065032
2018,Karet Kering,8,35.32,27.05507097175887,10.118711294402193
2018,Minyak Sawit,8,2500.35,27.05507097175887,10.118711294402193
2018,Kopi,8,5.94,27.05507097175887,10.118711294402193
2018,Teh,8,5.99,27.05507097175887,10.118711294402193
2018,Gula Tebu,8,184.5,27.05507097175887,10.118711294402193
2018,Karet Kering,9,49.37,27.140709586737565,11.08339455137492
2018,Minyak Sawit,9,2495.98,27.140709586737565,11.08339455137492
2018,Kopi,9,3.59,27.140709586737565,11.08339455137492
2018,Teh,9,6.78,27.140709586737565,11.08339455137492
2018,Gula Tebu,9,146.68,27.140709586737565,11.08339455137492
2018,Karet Kering,10,51.21,27.321513869569877,12.8778924711298
2018,Minyak Sawit,10,2487.76,27.321513869569877,12.8778924711298
2018,Kopi,10,2.17,27.321513869569877,12.8778924711298
2018,Teh,10,8.12,27.321513869569877,12.8778924711298
2018,Gula Tebu,10,63.46,27.321513869569877,12.8778924711298
2018,Karet Kering,11,48.77,27.33897463974664,13.910340530434857
2018,Minyak Sawit,11,2346.21,27.33897463974664,13.910340530434857
2018,Kopi,11,1.25,27.33897463974664,13.910340530434857
2018,Teh,11,8.48,27.33897463974664,13.910340530434857
2018,Gula Tebu,11,15.99,27.33897463974664,13.910340530434857
2018,Karet Kering,12,52.39,27.21453942874512,14.634230304054965
2018,Minyak Sawit,12,2202.96,27.21453942874512,14.634230304054965
2018,Kopi,12,0.57,27.21453942874512,14.634230304054965
2018,Teh,12,8.25,27.21453942874512,14.634230304054965
2018,Gula Tebu,12,7.76,27.21453942874512,14.634230304054965
2019,Karet Kering,1,33.31,27.1452693388599,13.88528454834467
2019,Minyak Sawit,1,2594.96,27.1452693388599,13.88528454834467
2019,Kopi,1,0,27.1452693388599,13.88528454834467
2019,Teh,1,7.96,27.1452693388599,13.88528454834467
2019,Gula Tebu,1,3.24,27.1452693388599,13.88528454834467
2019,Karet Kering,2,32.24,27.358640424800655,13.871508992455906
2019,Minyak Sawit,2,2391.49,27.358640424800655,13.871508992455906
2019,Kopi,2,0,27.358640424800655,13.871508992455906
2019,Teh,2,6.42,27.358640424800655,13.871508992455906
2019,Gula Tebu,2,7.4,27.358640424800655,13.871508992455906
2019,Karet Kering,3,30.21,27.40541451310693,14.127087523711962
2019,Minyak Sawit,3,2495.36,27.40541451310693,14.127087523711962
2019,Kopi,3,0.01,27.40541451310693,14.127087523711962
2019,Teh,3,7.68,27.40541451310693,14.127087523711962
2019,Gula Tebu,3,26.47,27.40541451310693,14.127087523711962
2019,Karet Kering,4,26,27.58502195739825,14.909212364716169
2019,Minyak Sawit,4,2574.2,27.58502195739825,14.909212364716169
2019,Kopi,4,0.02,27.58502195739825,14.909212364716169
2019,Teh,4,7.51,27.58502195739825,14.909212364716169
2019,Gula Tebu,4,33.2,27.58502195739825,14.909212364716169
2019,Karet Kering,5,40.3,27.58899456476715,11.574622373579947
2019,Minyak Sawit,5,2782.1,27.58899456476715,11.574622373579947
2019,Kopi,5,0.19,27.58899456476715,11.574622373579947
2019,Teh,5,8.1,27.58899456476715,11.574622373579947
2019,Gula Tebu,5,64.67,27.58899456476715,11.574622373579947
2019,Karet Kering,6,34.32,27.18649648306296,12.648600813184908
2019,Minyak Sawit,6,2628.41,27.18649648306296,12.648600813184908
2019,Kopi,6,0.86,27.18649648306296,12.648600813184908
2019,Teh,6,6.73,27.18649648306296,12.648600813184908
2019,Gula Tebu,6,57.27,27.18649648306296,12.648600813184908
2019,Karet Kering,7,33.64,26.951088340196765,10.369295976921489
2019,Minyak Sawit,7,2848.2,26.951088340196765,10.369295976921489
2019,Kopi,7,2.96,26.951088340196765,10.369295976921489
2019,Teh,7,7.4,26.951088340196765,10.369295976921489
2019,Gula Tebu,7,187.85,26.951088340196765,10.369295976921489
2019,Karet Kering,8,28.39,27.17593315048211,10.009830088014157
2019,Minyak Sawit,8,2870.98,27.17593315048211,10.009830088014157
2019,Kopi,8,2.74,27.17593315048211,10.009830088014157
2019,Teh,8,5.36,27.17593315048211,10.009830088014157
2019,Gula Tebu,8,207.91,27.17593315048211,10.009830088014157
2019,Karet Kering,9,27.96,27.356616556496565,8.971802806481422
2019,Minyak Sawit,9,2889.9,27.356616556496565,8.971802806481422
2019,Kopi,9,1.78,27.356616556496565,8.971802806481422
2019,Teh,9,5.05,27.356616556496565,8.971802806481422
2019,Gula Tebu,9,232.59,27.356616556496565,8.971802806481422
2019,Karet Kering,10,28.32,27.605928862598805,11.885289902041572
2019,Minyak Sawit,10,2857.41,27.605928862598805,11.885289902041572
2019,Kopi,10,1.13,27.605928862598805,11.885289902041572
2019,Teh,10,4.86,27.605928862598805,11.885289902041572
2019,Gula Tebu,10,126.43,27.605928862598805,11.885289902041572
2019,Karet Kering,11,28.67,27.833001081663344,10.952509477285954
2019,Minyak Sawit,11,2666.68,27.833001081663344,10.952509477285954
2019,Kopi,11,0.22,27.833001081663344,10.952509477285954
2019,Teh,11,5.41,27.833001081663344,10.952509477285954
2019,Gula Tebu,11,10.72,27.833001081663344,10.952509477285954
2019,Karet Kering,12,31.43,27.492856599542,14.090725947166147
2019,Minyak Sawit,12,2594.69,27.492856599542,14.090725947166147
2019,Kopi,12,0.13,27.492856599542,14.090725947166147
2019,Teh,12,6.96,27.492856599542,14.090725947166147
2019,Gula Tebu,12,0,27.492856599542,14.090725947166147
2020,Karet Kering,1,19.92,27.60539432526286,15.291222792229648
2020,Minyak Sawit,1,2410.5,27.60539432526286,15.291222792229648
2020,Kopi,1,0.05,27.60539432526286,15.291222792229648
2020,Teh,1,8.6,27.60539432526286,15.291222792229648
2020,Gula Tebu,1,0,27.60539432526286,15.291222792229648
2020,Karet Kering,2,19.69,27.522065451084064,15.172262861753696
2020,Minyak Sawit,2,2273.74,27.522065451084064,15.172262861753696
2020,Kopi,2,0.04,27.522065451084064,15.172262861753696
2020,Teh,2,7.64,27.522065451084064,15.172262861753696
2020,Gula Tebu,2,0.36,27.522065451084064,15.172262861753696
2020,Karet Kering,3,19.91,27.527961036228294,15.227153763239407
2020,Minyak Sawit,3,2305.17,27.527961036228294,15.227153763239407
2020,Kopi,3,0.05,27.527961036228294,15.227153763239407
2020,Teh,3,7.97,27.527961036228294,15.227153763239407
2020,Gula Tebu,3,13.81,27.527961036228294,15.227153763239407
2020,Karet Kering,4,18.76,29.143110620633667,14.60684201892681
2020,Minyak Sawit,4,2403.93,29.143110620633667,14.60684201892681
2020,Kopi,4,0.03,29.143110620633667,14.60684201892681
2020,Teh,4,8.91,29.143110620633667,14.60684201892681
2020,Gula Tebu,4,7.61,29.143110620633667,14.60684201892681
2020,Karet Kering,5,21.3,29.128206119656586,14.680103701840624
2020,Minyak Sawit,5,2397.28,29.128206119656586,14.680103701840624
2020,Kopi,5,0.04,29.128206119656586,14.680103701840624
2020,Teh,5,7.71,29.128206119656586,14.680103701840624
2020,Gula Tebu,5,34.65,29.128206119656586,14.680103701840624
2020,Karet Kering,6,21.54,27.159151212122215,12.203321829241768
2020,Minyak Sawit,6,2383.48,27.159151212122215,12.203321829241768
2020,Kopi,6,0.33,27.159151212122215,12.203321829241768
2020,Teh,6,8.85,27.159151212122215,12.203321829241768
2020,Gula Tebu,6,128.65,27.159151212122215,12.203321829241768
2020,Karet Kering,7,20.43,27.624336290339578,11.933757669518371
2020,Minyak Sawit,7,2297.9,27.624336290339578,11.933757669518371
2020,Kopi,7,1.11,27.624336290339578,11.933757669518371
2020,Teh,7,7.72,27.624336290339578,11.933757669518371
2020,Gula Tebu,7,150.29,27.624336290339578,11.933757669518371
2020,Karet Kering,8,17.86,27.312133920187925,10.964064170211142
2020,Minyak Sawit,8,2484.3,27.312133920187925,10.964064170211142
2020,Kopi,8,1.28,27.312133920187925,10.964064170211142
2020,Teh,8,6.63,27.312133920187925,10.964064170211142
2020,Gula Tebu,8,202.7,27.312133920187925,10.964064170211142
2020,Karet Kering,9,22.58,27.441914314025126,12.84916236494964
2020,Minyak Sawit,9,2684.2,27.441914314025126,12.84916236494964
2020,Kopi,9,1.47,27.441914314025126,12.84916236494964
2020,Teh,9,6.95,27.441914314025126,12.84916236494964
2020,Gula Tebu,9,157.46,27.441914314025126,12.84916236494964
2020,Karet Kering,10,24.01,27.45939797265161,13.63378719407492
2020,Minyak Sawit,10,2864.09,27.45939797265161,13.63378719407492
2020,Kopi,10,0.54,27.45939797265161,13.63378719407492
2020,Teh,10,6.98,27.45939797265161,13.63378719407492
2020,Gula Tebu,10,106.73,27.45939797265161,13.63378719407492
2020,Karet Kering,11,22.9,27.52759196615955,13.882580340425696
2020,Minyak Sawit,11,2752.73,27.52759196615955,13.882580340425696
2020,Kopi,11,0.09,27.52759196615955,13.882580340425696
2020,Teh,11,7.74,27.52759196615955,13.882580340425696
2020,Gula Tebu,11,55.5,27.52759196615955,13.882580340425696
2020,Karet Kering,12,24.43,27.18983330920721,14.164974403462889
2020,Minyak Sawit,12,2989.11,27.18983330920721,14.164974403462889
2020,Kopi,12,0.06,27.18983330920721,14.164974403462889
2020,Teh,12,8.47,27.18983330920721,14.164974403462889
2020,Gula Tebu,12,73.79,27.18983330920721,14.164974403462889
2021,Karet Kering,1,19.26,26.899748480217607,16.632775440894093
2021,Minyak Sawit,1,2499.03,26.899748480217607,16.632775440894093
2021,Kopi,1,0.01,26.899748480217607,16.632775440894093
2021,Teh,1,7.8,26.899748480217607,16.632775440894093
2021,Gula Tebu,1,0.6,26.899748480217607,16.632775440894093
2021,Karet Kering,2,19.01,27.096308787400755,13.72104174080913
2021,Minyak Sawit,2,2324.18,27.096308787400755,13.72104174080913
2021,Kopi,2,0.01,27.096308787400755,13.72104174080913
2021,Teh,2,6.39,27.096308787400755,13.72104174080913
2021,Gula Tebu,2,7.13,27.096308787400755,13.72104174080913
2021,Karet Kering,3,18.56,27.253767897682177,13.681726146824836
2021,Minyak Sawit,3,2588.91,27.253767897682177,13.681726146824836
2021,Kopi,3,0.02,27.253767897682177,13.681726146824836
2021,Teh,3,8.01,27.253767897682177,13.681726146824836
2021,Gula Tebu,3,17.17,27.253767897682177,13.681726146824836
2021,Karet Kering,4,18.34,28.55341709872664,14.812456876203536
2021,Minyak Sawit,4,2565.18,28.55341709872664,14.812456876203536
2021,Kopi,4,0.07,28.55341709872664,14.812456876203536
2021,Teh,4,8.11,28.55341709872664,14.812456876203536
2021,Gula Tebu,4,74.92,28.55341709872664,14.812456876203536
2021,Karet Kering,5,15.72,27.404413068320736,13.420126112839885
2021,Minyak Sawit,5,2481.59,27.404413068320736,13.420126112839885
2021,Kopi,5,0.22,27.404413068320736,13.420126112839885
2021,Teh,5,6.82,27.404413068320736,13.420126112839885
2021,Gula Tebu,5,89.02,27.404413068320736,13.420126112839885
2021,Karet Kering,6,19.56,27.00152551720718,11.848742557540008
2021,Minyak Sawit,6,2652.27,27.00152551720718,11.848742557540008
2021,Kopi,6,0.87,27.00152551720718,11.848742557540008
2021,Teh,6,8.58,27.00152551720718,11.848742557540008
2021,Gula Tebu,6,162.98,27.00152551720718,11.848742557540008
2021,Karet Kering,7,18.2,26.98889154161692,13.064066268693448
2021,Minyak Sawit,7,2469.66,26.98889154161692,13.064066268693448
2021,Kopi,7,1.6,26.98889154161692,13.064066268693448
2021,Teh,7,6.77,26.98889154161692,13.064066268693448
2021,Gula Tebu,7,178.26,26.98889154161692,13.064066268693448
2021,Karet Kering,8,15.86,26.916012404511488,13.081509491681723
2021,Minyak Sawit,8,2567.39,26.916012404511488,13.081509491681723
2021,Kopi,8,1.71,26.916012404511488,13.081509491681723
2021,Teh,8,6.95,26.916012404511488,13.081509491681723
2021,Gula Tebu,8,163.66,26.916012404511488,13.081509491681723
2021,Karet Kering,9,17.32,28.017126229911025,14.343186375913806
2021,Minyak Sawit,9,2547.63,28.017126229911025,14.343186375913806
2021,Kopi,9,0.53,28.017126229911025,14.343186375913806
2021,Teh,9,6.77,28.017126229911025,14.343186375913806
2021,Gula Tebu,9,137.03,28.017126229911025,14.343186375913806
2021,Karet Kering,10,18.27,29.51011692820348,13.515371972291288
2021,Minyak Sawit,10,2357.61,29.51011692820348,13.515371972291288
2021,Kopi,10,0.12,29.51011692820348,13.515371972291288
2021,Teh,10,6.71,29.51011692820348,13.515371972291288
2021,Gula Tebu,10,95.35,29.51011692820348,13.515371972291288
2021,Karet Kering,11,18.17,27.75565844014089,15.28157556330168
2021,Minyak Sawit,11,2298.4,27.75565844014089,15.28157556330168
2021,Kopi,11,0.12,27.75565844014089,15.28157556330168
2021,Teh,11,7.23,27.75565844014089,15.28157556330168
2021,Gula Tebu,11,38.15,27.75565844014089,15.28157556330168
2021,Karet Kering,12,20.8,28.107763932228767,15.6295069800399
2021,Minyak Sawit,12,2265.8,28.107763932228767,15.6295069800399
2021,Kopi,12,0.05,28.107763932228767,15.6295069800399
2021,Teh,12,7.39,28.107763932228767,15.6295069800399
2021,Gula Tebu,12,4.7,28.107763932228767,15.6295069800399
2022,Karet Kering,1,18.52,27.033191921840327,13.789216092458236
2022,Minyak Sawit,1,1781.71,27.033191921840327,13.789216092458236
2022,Kopi,1,0.01,27.033191921840327,13.789216092458236
2022,Teh,1,7.51,27.033191921840327,13.789216092458236
2022,Gula Tebu,1,0,27.033191921840327,13.789216092458236
2022,Karet Kering,2,15.9,30.33623143561856,14.590701042701292
2022,Minyak Sawit,2,1737.08,30.33623143561856,14.590701042701292
2022,Kopi,2,0,30.33623143561856,14.590701042701292
2022,Teh,2,6.41,30.33623143561856,14.590701042701292
2022,Gula Tebu,2,7.89,30.33623143561856,14.590701042701292
2022,Karet Kering,3,16.77,31.2272474940126,13.947015255924589
2022,Minyak Sawit,3,1947.5,31.2272474940126,13.947015255924589
2022,Kopi,3,0,31.2272474940126,13.947015255924589
2022,Teh,3,5.89,31.2272474940126,13.947015255924589
2022,Gula Tebu,3,16.84,31.2272474940126,13.947015255924589
2022,Karet Kering,4,17.22,28.56730161413588,12.785397416540286
2022,Minyak Sawit,4,2348.42,28.56730161413588,12.785397416540286
2022,Kopi,4,0.03,28.56730161413588,12.785397416540286
2022,Teh,4,5.99,28.56730161413588,12.785397416540286
2022,Gula Tebu,4,85.66,28.56730161413588,12.785397416540286
2022,Karet Kering,5,14.17,28.32926803752952,12.805911604141988
2022,Minyak Sawit,5,2232.54,28.32926803752952,12.805911604141988
2022,Kopi,5,0.32,28.32926803752952,12.805911604141988
2022,Teh,5,6.23,28.32926803752952,12.805911604141988
2022,Gula Tebu,5,73.22,28.32926803752952,12.805911604141988
2022,Karet Kering,6,18.36,28.63569361891772,12.97184812077984
2022,Minyak Sawit,6,2390.7,28.63569361891772,12.97184812077984
2022,Kopi,6,0.91,28.63569361891772,12.97184812077984
2022,Teh,6,6.65,28.63569361891772,12.97184812077984
2022,Gula Tebu,6,135.81,28.63569361891772,12.97184812077984
2022,Karet Kering,7,18.77,27.978641138594977,14.39867838491374
2022,Minyak Sawit,7,2529.91,27.978641138594977,14.39867838491374
2022,Kopi,7,1.07,27.978641138594977,14.39867838491374
2022,Teh,7,5.53,27.978641138594977,14.39867838491374
2022,Gula Tebu,7,132.13,27.978641138594977,14.39867838491374
2022,Karet Kering,8,17.05,28.10529649041297,12.890102172008389
2022,Minyak Sawit,8,2808.6,28.10529649041297,12.890102172008389
2022,Kopi,8,1.04,28.10529649041297,12.890102172008389
2022,Teh,8,6.07,28.10529649041297,12.890102172008389
2022,Gula Tebu,8,142.94,28.10529649041297,12.890102172008389
2022,Karet Kering,9,18.55,27.669269831596257,14.963818585359128
2022,Minyak Sawit,9,2819.51,27.669269831596257,14.963818585359128
2022,Kopi,9,0.37,27.669269831596257,14.963818585359128
2022,Teh,9,6.35,27.669269831596257,14.963818585359128
2022,Gula Tebu,9,130,27.669269831596257,14.963818585359128
2022,Karet Kering,10,17.56,28.929342038526155,14.79428224705472
2022,Minyak Sawit,10,3328.55,28.929342038526155,14.79428224705472
2022,Kopi,10,0.14,28.929342038526155,14.79428224705472
2022,Teh,10,6.06,28.929342038526155,14.79428224705472
2022,Gula Tebu,10,95.99,28.929342038526155,14.79428224705472
2022,Karet Kering,11,17.04,29.81127503635211,14.08818050087123
2022,Minyak Sawit,11,3335.97,29.81127503635211,14.08818050087123
2022,Kopi,11,0.06,29.81127503635211,14.08818050087123
2022,Teh,11,6.28,29.81127503635211,14.08818050087123
2022,Gula Tebu,11,52.54,29.81127503635211,14.08818050087123
2022,Karet Kering,12,17.88,26.903344016164475,14.903468539456302
2022,Minyak Sawit,12,3248.59,26.903344016164475,14.903468539456302
2022,Kopi,12,0.02,26.903344016164475,14.903468539456302
2022,Teh,12,5.8,26.903344016164475,14.903468539456302
2022,Gula Tebu,12,18.97,26.903344016164475,14.903468539456302
2023,Karet Kering,1,18.39,27.409460357612726,12.969041805209104
2023,Minyak Sawit,1,2128.74,27.409460357612726,12.969041805209104
2023,Kopi,1,0.05,27.409460357612726,12.969041805209104
2023,Teh,1,5.58,27.409460357612726,12.969041805209104
2023,Gula Tebu,1,2.11,27.409460357612726,12.969041805209104
2023,Karet Kering,2,16.32,27.639246490153717,15.002715603259896
2023,Minyak Sawit,2,1966.1,27.639246490153717,15.002715603259896
2023,Kopi,2,0.05,27.639246490153717,15.002715603259896
2023,Teh,2,3.98,27.639246490153717,15.002715603259896
2023,Gula Tebu,2,9.69,27.639246490153717,15.002715603259896
2023,Karet Kering,3,16.36,27.249514210076622,14.66664926189618
2023,Minyak Sawit,3,2148.87,27.249514210076622,14.66664926189618
2023,Kopi,3,0.01,27.249514210076622,14.66664926189618
2023,Teh,3,4.07,27.249514210076622,14.66664926189618
2023,Gula Tebu,3,23.88,27.249514210076622,14.66664926189618
2023,Karet Kering,4,12.75,27.566310459955364,13.304748947952971
2023,Minyak Sawit,4,2160.63,27.566310459955364,13.304748947952971
2023,Kopi,4,0.04,27.566310459955364,13.304748947952971
2023,Teh,4,5.19,27.566310459955364,13.304748947952971
2023,Gula Tebu,4,46.88,27.566310459955364,13.304748947952971
2023,Karet Kering,5,16.32,27.60741338094905,12.65583295304502
2023,Minyak Sawit,5,2555.02,27.60741338094905,12.65583295304502
2023,Kopi,5,0.4,27.60741338094905,12.65583295304502
2023,Teh,5,7.11,27.60741338094905,12.65583295304502
2023,Gula Tebu,5,109.39,27.60741338094905,12.65583295304502
2023,Karet Kering,6,17.85,27.30622245998629,12.218124419810444
2023,Minyak Sawit,6,2534.14,27.30622245998629,12.218124419810444
2023,Kopi,6,0.85,27.30622245998629,12.218124419810444
2023,Teh,6,6.16,27.30622245998629,12.218124419810444
2023,Gula Tebu,6,171.15,27.30622245998629,12.218124419810444
2023,Karet Kering,7,16.94,27.15494693109913,13.170141703519292
2023,Minyak Sawit,7,2763.03,27.15494693109913,13.170141703519292
2023,Kopi,7,0.89,27.15494693109913,13.170141703519292
2023,Teh,7,6.95,27.15494693109913,13.170141703519292
2023,Gula Tebu,7,159.55,27.15494693109913,13.170141703519292
2023,Karet Kering,8,16.56,27.21415413850069,9.589920156000089
2023,Minyak Sawit,8,2766.1,27.21415413850069,9.589920156000089
2023,Kopi,8,0.7,27.21415413850069,9.589920156000089
2023,Teh,8,7.04,27.21415413850069,9.589920156000089
2023,Gula Tebu,8,153.72,27.21415413850069,9.589920156000089
2023,Karet Kering,9,15.86,27.413764202800337,10.421107803450225
2023,Minyak Sawit,9,2790.73,27.413764202800337,10.421107803450225
2023,Kopi,9,0.22,27.413764202800337,10.421107803450225
2023,Teh,9,4.6,27.413764202800337,10.421107803450225
2023,Gula Tebu,9,113.71,27.413764202800337,10.421107803450225
2023,Karet Kering,10,15.34,29.51040899934179,10.187306708020998
2023,Minyak Sawit,10,3048.47,29.51040899934179,10.187306708020998
2023,Kopi,10,0.05,29.51040899934179,10.187306708020998
2023,Teh,10,5.39,29.51040899934179,10.187306708020998
2023,Gula Tebu,10,32.32,29.51040899934179,10.187306708020998
2023,Karet Kering,11,15.39,27.87663726423383,12.92414562064511
2023,Minyak Sawit,11,3075.38,27.87663726423383,12.92414562064511
2023,Kopi,11,0.04,27.87663726423383,12.92414562064511
2023,Teh,11,4.95,27.87663726423383,12.92414562064511
2023,Gula Tebu,11,5.97,27.87663726423383,12.92414562064511
2023,Karet Kering,12,16.7,29.0957076826083,13.908570832138317
2023,Minyak Sawit,12,2923.64,29.0957076826083,13.908570832138317
2023,Kopi,12,0.02,29.0957076826083,13.908570832138317
2023,Teh,12,6.8,29.0957076826083,13.908570832138317
2023,Gula Tebu,12,0,29.0957076826083,13.908570832138317
2024,Karet Kering,1,16.74,28.736830353262967,14.582412771857776
2024,Minyak Sawit,1,1974.12,28.736830353262967,14.582412771857776
2024,Kopi,1,0.03,28.736830353262967,14.582412771857776
2024,Teh,1,6.9,28.736830353262967,14.582412771857776
2024,Gula Tebu,1,0.3,28.736830353262967,14.582412771857776
2024,Karet Kering,2,14.62,27.99755693708899,14.086417912567512
2024,Minyak Sawit,2,1869.77,27.99755693708899,14.086417912567512
2024,Kopi,2,0.03,27.99755693708899,14.086417912567512
2024,Teh,2,5.5,27.99755693708899,14.086417912567512
2024,Gula Tebu,2,6.8,27.99755693708899,14.086417912567512
2024,Karet Kering,3,15.02,28.948983161424984,15.421061912364715
2024,Minyak Sawit,3,2068.45,28.948983161424984,15.421061912364715
2024,Kopi,3,0.01,28.948983161424984,15.421061912364715
2024,Teh,3,5.3,28.948983161424984,15.421061912364715
2024,Gula Tebu,3,21.2,28.948983161424984,15.421061912364715
2024,Karet Kering,4,13.53,37.31584104784028,14.816201347600783
2024,Minyak Sawit,4,2278.02,37.31584104784028,14.816201347600783
2024,Kopi,4,0.03,37.31584104784028,14.816201347600783
2024,Teh,4,5.9,37.31584104784028,14.816201347600783
2024,Gula Tebu,4,66.4,37.31584104784028,14.816201347600783
2024,Karet Kering,5,13.86,31.559981589836852,13.26059441981928
2024,Minyak Sawit,5,2417.21,31.559981589836852,13.26059441981928
2024,Kopi,5,0.37,31.559981589836852,13.26059441981928
2024,Teh,5,7.1,31.559981589836852,13.26059441981928
2024,Gula Tebu,5,85.12,31.559981589836852,13.26059441981928
2024,Karet Kering,6,16.42,28.59914451092756,13.368826527789851
2024,Minyak Sawit,6,2487.07,28.59914451092756,13.368826527789851
2024,Kopi,6,0.9,28.59914451092756,13.368826527789851
2024,Teh,6,6.8,28.59914451092756,13.368826527789851
2024,Gula Tebu,6,149.69,28.59914451092756,13.368826527789851
2024,Karet Kering,7,16.18,28.411897271530567,12.784351159114614
2024,Minyak Sawit,7,2672.73,28.411897271530567,12.784351159114614
2024,Kopi,7,0.99,28.411897271530567,12.784351159114614
2024,Teh,7,6.7,28.411897271530567,12.784351159114614
2024,Gula Tebu,7,146.36,28.411897271530567,12.784351159114614
2024,Karet Kering,8,15.24,29.23557575173491,11.864990910688606
2024,Minyak Sawit,8,2815.84,29.23557575173491,11.864990910688606
2024,Kopi,8,0.88,29.23557575173491,11.864990910688606
2024,Teh,8,7,29.23557575173491,11.864990910688606
2024,Gula Tebu,8,150.67,29.23557575173491,11.864990910688606
2024,Karet Kering,9,15.58,31.48985989601666,12.585026355548472
2024,Minyak Sawit,9,2833.76,31.48985989601666,12.585026355548472
2024,Kopi,9,0.29,31.48985989601666,12.585026355548472
2024,Teh,9,5.8,31.48985989601666,12.585026355548472
2024,Gula Tebu,9,118.43,31.48985989601666,12.585026355548472
2024,Karet Kering,10,14.89,33.405682609035004,13.642950431769137
2024,Minyak Sawit,10,3221.78,33.405682609035004,13.642950431769137
2024,Kopi,10,0.09,33.405682609035004,13.642950431769137
2024,Teh,10,6.08,33.405682609035004,13.642950431769137
2024,Gula Tebu,10,71.99,33.405682609035004,13.642950431769137
2024,Karet Kering,11,14.69,32.224784347178804,14.140305799576554
2024,Minyak Sawit,11,3239.06,32.224784347178804,14.140305799576554
2024,Kopi,11,0.05,32.224784347178804,14.140305799576554
2024,Teh,11,5.95,32.224784347178804,14.140305799576554
2024,Gula Tebu,11,30.43,32.224784347178804,14.140305799576554
2024,Karet Kering,12,15.67,28.459673832673182,16.11020563056034
2024,Minyak Sawit,12,3118.47,28.459673832673182,16.11020563056034
2024,Kopi,12,0.02,28.459673832673182,16.11020563056034
2024,Teh,12,6.74,28.459673832673182,16.11020563056034
2024,Gula Tebu,12,11.11,28.459673832673182,16.11020563056034
