Tahun,Bulan,Tanaman,Prediksi,Suhu_Nasional_Rata2_Tahunan,Total_RR_Nasional_Tahunan,Luas_Lahan,lag1,lag3,Skenario
2025,1,Gula Tebu,3.6519530514670464,30.532150942379232,1108956.366666667,204.4,11.11,71.99,Normal
2025,2,Gula Tebu,6.897003171248926,30.532150942379232,1108956.366666667,204.4,3.6519530514670464,30.43,Normal
2025,3,Gula Tebu,22.962307087856573,30.532150942379232,1108956.366666667,204.4,6.897003171248926,11.11,Normal
2025,4,Gula Tebu,67.37252823313257,30.532150942379232,1108956.366666667,204.4,22.962307087856573,3.6519530514670464,Normal
2025,5,Gula Tebu,85.29170702075666,30.532150942379232,1108956.366666667,204.4,67.37252823313257,6.897003171248926,Normal
2025,6,Gula Tebu,149.70199787373357,30.532150942379232,1108956.366666667,204.4,85.29170702075666,22.962307087856573,Normal
2025,7,Gula Tebu,146.36239403774573,30.532150942379232,1108956.366666667,204.4,149.70199787373357,67.37252823313257,Normal
2025,8,Gula Tebu,150.66756854444583,30.532150942379232,1108956.366666667,204.4,146.36239403774573,85.29170702075666,Normal
2025,9,Gula Tebu,118.43055084284178,30.532150942379232,1108956.366666667,204.4,150.66756854444583,149.70199787373357,Normal
2025,10,Gula Tebu,71.9907800578425,30.532150942379232,1108956.366666667,204.4,118.43055084284178,146.36239403774573,Normal
2025,11,Gula Tebu,30.430837287617507,30.532150942379232,1108956.366666667,204.4,71.9907800578425,150.66756854444583,Normal
2025,12,Gula Tebu,11.107787305472172,30.532150942379232,1108956.366666667,204.4,30.430837287617507,118.43055084284178,Normal
2026,1,Gula Tebu,3.6520458643854994,30.532150942379236,1108956.366666667,204.4,11.107787305472172,71.9907800578425,Normal
2026,2,Gula Tebu,6.8988385784933115,30.532150942379236,1108956.366666667,204.4,3.6520458643854994,30.430837287617507,Normal
2026,3,Gula Tebu,22.958991481313504,30.532150942379236,1108956.366666667,204.4,6.8988385784933115,11.107787305472172,Normal
2026,4,Gula Tebu,67.37180115156855,30.532150942379236,1108956.366666667,204.4,22.958991481313504,3.6520458643854994,Normal
2026,5,Gula Tebu,85.29416769207708,30.532150942379236,1108956.366666667,204.4,67.37180115156855,6.8988385784933115,Normal
2026,6,Gula Tebu,149.70490232706655,30.532150942379236,1108956.366666667,204.4,85.29416769207708,22.958991481313504,Normal
2026,7,Gula Tebu,146.36527714662324,30.532150942379236,1108956.366666667,204.4,149.70490232706655,67.37180115156855,Normal
2026,8,Gula Tebu,150.66222967271904,30.532150942379236,1108956.366666667,204.4,146.36527714662324,85.29416769207708,Normal
2026,9,Gula Tebu,118.42958668553703,30.532150942379236,1108956.366666667,204.4,150.66222967271904,149.70490232706655,Normal
2026,10,Gula Tebu,71.86483445553127,30.532150942379236,1108956.366666667,204.4,118.42958668553703,146.36527714662324,Normal
2026,11,Gula Tebu,29.903966848976268,30.532150942379236,1108956.366666667,204.4,71.86483445553127,150.66222967271904,Normal
2026,12,Gula Tebu,11.07977660969965,30.532150942379236,1108956.366666667,204.4,29.903966848976268,118.42958668553703,Normal
2027,1,Gula Tebu,3.6015665204940177,30.532150942379236,1108956.366666667,204.4,11.07977660969965,71.86483445553127,Normal
2027,2,Gula Tebu,7.480529628101806,30.532150942379236,1108956.366666667,204.4,3.6015665204940177,29.903966848976268,Normal
2027,3,Gula Tebu,23.029175546471578,30.532150942379236,1108956.366666667,204.4,7.480529628101806,11.07977660969965,Normal
2027,4,Gula Tebu,67.40418431629425,30.532150942379236,1108956.366666667,204.4,23.029175546471578,3.6015665204940177,Normal
2027,5,Gula Tebu,85.26873331006635,30.532150942379236,1108956.366666667,204.4,67.40418431629425,7.480529628101806,Normal
2027,6,Gula Tebu,149.741341215058,30.532150942379236,1108956.366666667,204.4,85.26873331006635,23.029175546471578,Normal
2027,7,Gula Tebu,146.36546775954147,30.532150942379236,1108956.366666667,204.4,149.741341215058,67.40418431629425,Normal
2027,8,Gula Tebu,150.63208456746617,30.532150942379236,1108956.366666667,204.4,146.36546775954147,85.26873331006635,Normal
2027,9,Gula Tebu,118.43519469748719,30.532150942379236,1108956.366666667,204.4,150.63208456746617,149.741341215058,Normal
2027,10,Gula Tebu,76.02485551621125,30.532150942379236,1108956.366666667,204.4,118.43519469748719,146.36546775954147,Normal
2027,11,Gula Tebu,37.24408984593131,30.532150942379236,1108956.366666667,204.4,76.02485551621125,150.63208456746617,Normal
2027,12,Gula Tebu,15.85448450647256,30.532150942379236,1108956.366666667,204.4,37.24408984593131,118.43519469748719,Normal
2025,1,Karet Kering,15.896152487382636,30.532150942379232,1108956.366666667,299.40000000000003,15.67,14.89,Normal
2025,2,Karet Kering,14.688305582715614,30.532150942379232,1108956.366666667,299.40000000000003,15.896152487382636,14.69,Normal
2025,3,Karet Kering,14.515338989340641,30.532150942379232,1108956.366666667,299.40000000000003,14.688305582715614,15.67,Normal
2025,4,Karet Kering,13.838302441132754,30.532150942379232,1108956.366666667,299.40000000000003,14.515338989340641,15.896152487382636,Normal
2025,5,Karet Kering,14.121991744281907,30.532150942379232,1108956.366666667,299.40000000000003,13.838302441132754,14.688305582715614,Normal
2025,6,Karet Kering,16.39483217708938,30.532150942379232,1108956.366666667,299.40000000000003,14.121991744281907,14.515338989340641,Normal
2025,7,Karet Kering,15.95332607548729,30.532150942379232,1108956.366666667,299.40000000000003,16.39483217708938,13.838302441132754,Normal
2025,8,Karet Kering,14.79633331219718,30.532150942379232,1108956.366666667,299.40000000000003,15.95332607548729,14.121991744281907,Normal
2025,9,Karet Kering,15.609164334255958,30.532150942379232,1108956.366666667,299.40000000000003,14.79633331219718,16.39483217708938,Normal
2025,10,Karet Kering,14.631509741053556,30.532150942379232,1108956.366666667,299.40000000000003,15.609164334255958,15.95332607548729,Normal
2025,11,Karet Kering,14.859687828332259,30.532150942379232,1108956.366666667,299.40000000000003,14.631509741053556,14.79633331219718,Normal
2025,12,Karet Kering,16.007082547782414,30.532150942379232,1108956.366666667,299.40000000000003,14.859687828332259,15.609164334255958,Normal
2026,1,Karet Kering,15.980537731649825,30.532150942379236,1108956.366666667,299.40000000000003,16.007082547782414,14.631509741053556,Normal
2026,2,Karet Kering,14.780013730679084,30.532150942379236,1108956.366666667,299.40000000000003,15.980537731649825,14.859687828332259,Normal
2026,3,Karet Kering,14.656334733195738,30.532150942379236,1108956.366666667,299.40000000000003,14.780013730679084,16.007082547782414,Normal
2026,4,Karet Kering,13.91043636405671,30.532150942379236,1108956.366666667,299.40000000000003,14.656334733195738,15.980537731649825,Normal
2026,5,Karet Kering,14.058718528087748,30.532150942379236,1108956.366666667,299.40000000000003,13.91043636405671,14.780013730679084,Normal
2026,6,Karet Kering,16.482170360695772,30.532150942379236,1108956.366666667,299.40000000000003,14.058718528087748,14.656334733195738,Normal
2026,7,Karet Kering,15.893159414276923,30.532150942379236,1108956.366666667,299.40000000000003,16.482170360695772,13.91043636405671,Normal
2026,8,Karet Kering,14.739134093599155,30.532150942379236,1108956.366666667,299.40000000000003,15.893159414276923,14.058718528087748,Normal
2026,9,Karet Kering,15.435395820601304,30.532150942379236,1108956.366666667,299.40000000000003,14.739134093599155,16.482170360695772,Normal
2026,10,Karet Kering,14.717914178961493,30.532150942379236,1108956.366666667,299.40000000000003,15.435395820601304,15.893159414276923,Normal
2026,11,Karet Kering,14.781151903812525,30.532150942379236,1108956.366666667,299.40000000000003,14.717914178961493,14.739134093599155,Normal
2026,12,Karet Kering,15.931632285654992,30.532150942379236,1108956.366666667,299.40000000000003,14.781151903812525,15.435395820601304,Normal
2027,1,Karet Kering,15.786748341222303,30.532150942379236,1108956.366666667,299.40000000000003,15.931632285654992,14.717914178961493,Normal
2027,2,Karet Kering,14.719087819236872,30.532150942379236,1108956.366666667,299.40000000000003,15.786748341222303,14.781151903812525,Normal
2027,3,Karet Kering,14.684480235213858,30.532150942379236,1108956.366666667,299.40000000000003,14.719087819236872,15.931632285654992,Normal
2027,4,Karet Kering,13.941871966061829,30.532150942379236,1108956.366666667,299.40000000000003,14.684480235213858,15.786748341222303,Normal
2027,5,Karet Kering,14.04212741797432,30.532150942379236,1108956.366666667,299.40000000000003,13.941871966061829,14.719087819236872,Normal
2027,6,Karet Kering,16.39229733169683,30.532150942379236,1108956.366666667,299.40000000000003,14.04212741797432,14.684480235213858,Normal
2027,7,Karet Kering,15.8849674297098,30.532150942379236,1108956.366666667,299.40000000000003,16.39229733169683,13.941871966061829,Normal
2027,8,Karet Kering,14.799211764210941,30.532150942379236,1108956.366666667,299.40000000000003,15.8849674297098,14.04212741797432,Normal
2027,9,Karet Kering,15.437732906949147,30.532150942379236,1108956.366666667,299.40000000000003,14.799211764210941,16.39229733169683,Normal
2027,10,Karet Kering,14.67280061243055,30.532150942379236,1108956.366666667,299.40000000000003,15.437732906949147,15.8849674297098,Normal
2027,11,Karet Kering,14.825496128836935,30.532150942379236,1108956.366666667,299.40000000000003,14.67280061243055,14.799211764210941,Normal
2027,12,Karet Kering,15.888497162019828,30.532150942379236,1108956.366666667,299.40000000000003,14.825496128836935,15.437732906949147,Normal
2025,1,Kopi,0.014051027403701566,30.532150942379232,1108956.366666667,20.5,0.02,0.09,Normal
2025,2,Kopi,-0.033337986385918894,30.532150942379232,1108956.366666667,20.5,0.014051027403701566,0.05,Normal
2025,3,Kopi,-0.1066135355121427,30.532150942379232,1108956.366666667,20.5,-0.033337986385918894,0.02,Normal
2025,4,Kopi,0.028196980723482534,30.532150942379232,1108956.366666667,20.5,-0.1066135355121427,0.014051027403701566,Normal
2025,5,Kopi,0.35724468404960863,30.532150942379232,1108956.366666667,20.5,0.028196980723482534,-0.033337986385918894,Normal
2025,6,Kopi,0.903587341842767,30.532150942379232,1108956.366666667,20.5,0.35724468404960863,-0.1066135355121427,Normal
2025,7,Kopi,0.9932743248358186,30.532150942379232,1108956.366666667,20.5,0.903587341842767,0.028196980723482534,Normal
2025,8,Kopi,0.8802369367686323,30.532150942379232,1108956.366666667,20.5,0.9932743248358186,0.35724468404960863,Normal
2025,9,Kopi,0.2871465735377361,30.532150942379232,1108956.366666667,20.5,0.8802369367686323,0.903587341842767,Normal
2025,10,Kopi,0.09093179993498013,30.532150942379232,1108956.366666667,20.5,0.2871465735377361,0.9932743248358186,Normal
2025,11,Kopi,0.049991301030877455,30.532150942379232,1108956.366666667,20.5,0.09093179993498013,0.8802369367686323,Normal
2025,12,Kopi,0.01942222516043457,30.532150942379232,1108956.366666667,20.5,0.049991301030877455,0.2871465735377361,Normal
2026,1,Kopi,0.012610383286870475,30.532150942379236,1108956.366666667,20.5,0.01942222516043457,0.09093179993498013,Normal
2026,2,Kopi,-0.032382594377709406,30.532150942379236,1108956.366666667,20.5,0.012610383286870475,0.049991301030877455,Normal
2026,3,Kopi,-0.10596758490639502,30.532150942379236,1108956.366666667,20.5,-0.032382594377709406,0.01942222516043457,Normal
2026,4,Kopi,0.02649729829855496,30.532150942379236,1108956.366666667,20.5,-0.10596758490639502,0.012610383286870475,Normal
2026,5,Kopi,0.35657109601838144,30.532150942379236,1108956.366666667,20.5,0.02649729829855496,-0.032382594377709406,Normal
2026,6,Kopi,0.9048705906524509,30.532150942379236,1108956.366666667,20.5,0.35657109601838144,-0.10596758490639502,Normal
2026,7,Kopi,0.9924471642740524,30.532150942379236,1108956.366666667,20.5,0.9048705906524509,0.02649729829855496,Normal
2026,8,Kopi,0.8804383192500392,30.532150942379236,1108956.366666667,20.5,0.9924471642740524,0.35657109601838144,Normal
2026,9,Kopi,0.2867357971691116,30.532150942379236,1108956.366666667,20.5,0.8804383192500392,0.9048705906524509,Normal
2026,10,Kopi,0.09103617097318306,30.532150942379236,1108956.366666667,20.5,0.2867357971691116,0.9924471642740524,Normal
2026,11,Kopi,0.05116039187015753,30.532150942379236,1108956.366666667,20.5,0.09103617097318306,0.8804383192500392,Normal
2026,12,Kopi,0.014494371645826787,30.532150942379236,1108956.366666667,20.5,0.05116039187015753,0.2867357971691116,Normal
2027,1,Kopi,-0.007777148707839521,30.532150942379236,1108956.366666667,20.5,0.014494371645826787,0.09103617097318306,Normal
2027,2,Kopi,-0.01081671239531734,30.532150942379236,1108956.366666667,20.5,-0.007777148707839521,0.05116039187015753,Normal
2027,3,Kopi,-0.10023659704116827,30.532150942379236,1108956.366666667,20.5,-0.01081671239531734,0.014494371645826787,Normal
2027,4,Kopi,0.023915042638252615,30.532150942379236,1108956.366666667,20.5,-0.10023659704116827,-0.007777148707839521,Normal
2027,5,Kopi,0.3207482960780489,30.532150942379236,1108956.366666667,20.5,0.023915042638252615,-0.01081671239531734,Normal
2027,6,Kopi,0.9018219905343483,30.532150942379236,1108956.366666667,20.5,0.3207482960780489,-0.10023659704116827,Normal
2027,7,Kopi,0.9930177298439957,30.532150942379236,1108956.366666667,20.5,0.9018219905343483,0.023915042638252615,Normal
2027,8,Kopi,0.7473953456869384,30.532150942379236,1108956.366666667,20.5,0.9930177298439957,0.3207482960780489,Normal
2027,9,Kopi,0.14978139903765375,30.532150942379236,1108956.366666667,20.5,0.7473953456869384,0.9018219905343483,Normal
2027,10,Kopi,0.09121913850815244,30.532150942379236,1108956.366666667,20.5,0.14978139903765375,0.9930177298439957,Normal
2027,11,Kopi,0.03187737436451776,30.532150942379236,1108956.366666667,20.5,0.09121913850815244,0.7473953456869384,Normal
2027,12,Kopi,0.06060131028006066,30.532150942379236,1108956.366666667,20.5,0.03187737436451776,0.14978139903765375,Normal
2025,1,Minyak Sawit,2008.7797740911979,30.532150942379232,1108956.366666667,9222.0,3118.47,3221.78,Normal
2025,2,Minyak Sawit,1868.3874526574534,30.532150942379232,1108956.366666667,9222.0,2008.7797740911979,3239.06,Normal
2025,3,Minyak Sawit,2051.7242834781214,30.532150942379232,1108956.366666667,9222.0,1868.3874526574534,3118.47,Normal
2025,4,Minyak Sawit,2262.367316859942,30.532150942379232,1108956.366666667,9222.0,2051.7242834781214,2008.7797740911979,Normal
2025,5,Minyak Sawit,2394.013578551752,30.532150942379232,1108956.366666667,9222.0,2262.367316859942,1868.3874526574534,Normal
2025,6,Minyak Sawit,2423.436717598795,30.532150942379232,1108956.366666667,9222.0,2394.013578551752,2051.7242834781214,Normal
2025,7,Minyak Sawit,2625.451780728597,30.532150942379232,1108956.366666667,9222.0,2423.436717598795,2262.367316859942,Normal
2025,8,Minyak Sawit,2778.146777194144,30.532150942379232,1108956.366666667,9222.0,2625.451780728597,2394.013578551752,Normal
2025,9,Minyak Sawit,2813.8686803212927,30.532150942379232,1108956.366666667,9222.0,2778.146777194144,2423.436717598795,Normal
2025,10,Minyak Sawit,3153.355837579653,30.532150942379232,1108956.366666667,9222.0,2813.8686803212927,2625.451780728597,Normal
2025,11,Minyak Sawit,3218.827550866085,30.532150942379232,1108956.366666667,9222.0,3153.355837579653,2778.146777194144,Normal
2025,12,Minyak Sawit,3149.2743881717324,30.532150942379232,1108956.366666667,9222.0,3218.827550866085,2813.8686803212927,Normal
2026,1,Minyak Sawit,2004.9582011257942,30.532150942379236,1108956.366666667,9222.0,3149.2743881717324,3153.355837579653,Normal
2026,2,Minyak Sawit,1854.95792376918,30.532150942379236,1108956.366666667,9222.0,2004.9582011257942,3218.827550866085,Normal
2026,3,Minyak Sawit,2058.609239367161,30.532150942379236,1108956.366666667,9222.0,1854.95792376918,3149.2743881717324,Normal
2026,4,Minyak Sawit,2264.8692870597292,30.532150942379236,1108956.366666667,9222.0,2058.609239367161,2004.9582011257942,Normal
2026,5,Minyak Sawit,2374.492163376236,30.532150942379236,1108956.366666667,9222.0,2264.8692870597292,1854.95792376918,Normal
2026,6,Minyak Sawit,2406.392566911526,30.532150942379236,1108956.366666667,9222.0,2374.492163376236,2058.609239367161,Normal
2026,7,Minyak Sawit,2604.7266270940145,30.532150942379236,1108956.366666667,9222.0,2406.392566911526,2264.8692870597292,Normal
2026,8,Minyak Sawit,2774.6704900988066,30.532150942379236,1108956.366666667,9222.0,2604.7266270940145,2374.492163376236,Normal
2026,9,Minyak Sawit,2805.775386614063,30.532150942379236,1108956.366666667,9222.0,2774.6704900988066,2406.392566911526,Normal
2026,10,Minyak Sawit,3135.9784276663995,30.532150942379236,1108956.366666667,9222.0,2805.775386614063,2604.7266270940145,Normal
2026,11,Minyak Sawit,3215.4406336708603,30.532150942379236,1108956.366666667,9222.0,3135.9784276663995,2774.6704900988066,Normal
2026,12,Minyak Sawit,3149.742738817815,30.532150942379236,1108956.366666667,9222.0,3215.4406336708603,2805.775386614063,Normal
2027,1,Minyak Sawit,2003.8496317724764,30.532150942379236,1108956.366666667,9222.0,3149.742738817815,3135.9784276663995,Normal
2027,2,Minyak Sawit,1859.1379427003253,30.532150942379236,1108956.366666667,9222.0,2003.8496317724764,3215.4406336708603,Normal
2027,3,Minyak Sawit,2059.0158206166866,30.532150942379236,1108956.366666667,9222.0,1859.1379427003253,3149.742738817815,Normal
2027,4,Minyak Sawit,2255.935087167347,30.532150942379236,1108956.366666667,9222.0,2059.0158206166866,2003.8496317724764,Normal
2027,5,Minyak Sawit,2391.461005435326,30.532150942379236,1108956.366666667,9222.0,2255.935087167347,1859.1379427003253,Normal
2027,6,Minyak Sawit,2416.732190884648,30.532150942379236,1108956.366666667,9222.0,2391.461005435326,2059.0158206166866,Normal
2027,7,Minyak Sawit,2620.5900461377673,30.532150942379236,1108956.366666667,9222.0,2416.732190884648,2255.935087167347,Normal
2027,8,Minyak Sawit,2779.489262245642,30.532150942379236,1108956.366666667,9222.0,2620.5900461377673,2391.461005435326,Normal
2027,9,Minyak Sawit,2811.395695490961,30.532150942379236,1108956.366666667,9222.0,2779.489262245642,2416.732190884648,Normal
2027,10,Minyak Sawit,3144.489946231954,30.532150942379236,1108956.366666667,9222.0,2811.395695490961,2620.5900461377673,Normal
2027,11,Minyak Sawit,3206.5342395239077,30.532150942379236,1108956.366666667,9222.0,3144.489946231954,2779.489262245642,Normal
2027,12,Minyak Sawit,3154.5534577989615,30.532150942379236,1108956.366666667,9222.0,3206.5342395239077,2811.395695490961,Normal
2025,1,Teh,6.851724901811397,30.532150942379232,1108956.366666667,54.70000000000001,6.74,6.08,Normal
2025,2,Teh,5.786549191141694,30.532150942379232,1108956.366666667,54.70000000000001,6.851724901811397,5.95,Normal
2025,3,Teh,5.471478377750952,30.532150942379232,1108956.366666667,54.70000000000001,5.786549191141694,6.74,Normal
2025,4,Teh,5.961337076198731,30.532150942379232,1108956.366666667,54.70000000000001,5.471478377750952,6.851724901811397,Normal
2025,5,Teh,6.918956727664586,30.532150942379232,1108956.366666667,54.70000000000001,5.961337076198731,5.786549191141694,Normal
2025,6,Teh,6.8573727262631445,30.532150942379232,1108956.366666667,54.70000000000001,6.918956727664586,5.471478377750952,Normal
2025,7,Teh,6.605497691296384,30.532150942379232,1108956.366666667,54.70000000000001,6.8573727262631445,5.961337076198731,Normal
2025,8,Teh,6.5797624083238615,30.532150942379232,1108956.366666667,54.70000000000001,6.605497691296384,6.918956727664586,Normal
2025,9,Teh,6.132434658926293,30.532150942379232,1108956.366666667,54.70000000000001,6.5797624083238615,6.8573727262631445,Normal
2025,10,Teh,6.153384847074863,30.532150942379232,1108956.366666667,54.70000000000001,6.132434658926293,6.605497691296384,Normal
2025,11,Teh,6.16711398728531,30.532150942379232,1108956.366666667,54.70000000000001,6.153384847074863,6.5797624083238615,Normal
2025,12,Teh,6.458046376161211,30.532150942379232,1108956.366666667,54.70000000000001,6.16711398728531,6.132434658926293,Normal
2026,1,Teh,6.718327822443989,30.532150942379236,1108956.366666667,54.70000000000002,6.458046376161211,6.153384847074863,Normal
2026,2,Teh,5.7119064948468505,30.532150942379236,1108956.366666667,54.70000000000002,6.718327822443989,6.16711398728531,Normal
2026,3,Teh,5.438384672618879,30.532150942379236,1108956.366666667,54.70000000000002,5.7119064948468505,6.458046376161211,Normal
2026,4,Teh,5.948505538809161,30.532150942379236,1108956.366666667,54.70000000000002,5.438384672618879,6.718327822443989,Normal
2026,5,Teh,6.938233109728125,30.532150942379236,1108956.366666667,54.70000000000002,5.948505538809161,5.7119064948468505,Normal
2026,6,Teh,6.881550553648557,30.532150942379236,1108956.366666667,54.70000000000002,6.938233109728125,5.438384672618879,Normal
2026,7,Teh,6.594512176013971,30.532150942379236,1108956.366666667,54.70000000000002,6.881550553648557,5.948505538809161,Normal
2026,8,Teh,6.563102155724088,30.532150942379236,1108956.366666667,54.70000000000002,6.594512176013971,6.938233109728125,Normal
2026,9,Teh,6.175645770588482,30.532150942379236,1108956.366666667,54.70000000000002,6.563102155724088,6.881550553648557,Normal
2026,10,Teh,6.15838940520676,30.532150942379236,1108956.366666667,54.70000000000002,6.175645770588482,6.594512176013971,Normal
2026,11,Teh,6.184219793437846,30.532150942379236,1108956.366666667,54.70000000000002,6.15838940520676,6.563102155724088,Normal
2026,12,Teh,6.454640741848572,30.532150942379236,1108956.366666667,54.70000000000002,6.184219793437846,6.175645770588482,Normal
2027,1,Teh,6.741058324636892,30.532150942379236,1108956.366666667,54.700000000000024,6.454640741848572,6.15838940520676,Normal
2027,2,Teh,5.761483491424453,30.532150942379236,1108956.366666667,54.700000000000024,6.741058324636892,6.184219793437846,Normal
2027,3,Teh,5.463583455605944,30.532150942379236,1108956.366666667,54.700000000000024,5.761483491424453,6.454640741848572,Normal
2027,4,Teh,5.95150589707915,30.532150942379236,1108956.366666667,54.700000000000024,5.463583455605944,6.741058324636892,Normal
2027,5,Teh,6.954272884585121,30.532150942379236,1108956.366666667,54.700000000000024,5.95150589707915,5.761483491424453,Normal
2027,6,Teh,6.8834548131173126,30.532150942379236,1108956.366666667,54.700000000000024,6.954272884585121,5.463583455605944,Normal
2027,7,Teh,6.589536727842362,30.532150942379236,1108956.366666667,54.700000000000024,6.8834548131173126,5.95150589707915,Normal
2027,8,Teh,6.558889654373976,30.532150942379236,1108956.366666667,54.700000000000024,6.589536727842362,6.954272884585121,Normal
2027,9,Teh,6.19279086151504,30.532150942379236,1108956.366666667,54.700000000000024,6.558889654373976,6.8834548131173126,Normal
2027,10,Teh,6.1616947985521,30.532150942379236,1108956.366666667,54.700000000000024,6.19279086151504,6.589536727842362,Normal
2027,11,Teh,6.174191474247971,30.532150942379236,1108956.366666667,54.700000000000024,6.1616947985521,6.558889654373976,Normal
2027,12,Teh,6.4318368305403535,30.532150942379236,1108956.366666667,54.700000000000024,6.174191474247971,6.19279086151504,Normal
2025,1,Gula Tebu,14.456856959036557,33.58536603661716,1219852.0033333336,224.84000000000003,11.11,71.99,Optimistis
2025,2,Gula Tebu,19.879029858907046,33.58536603661716,1219852.0033333336,224.84000000000003,14.456856959036557,30.43,Optimistis
2025,3,Gula Tebu,35.43733655615763,33.58536603661716,1219852.0033333336,224.84000000000003,19.879029858907046,11.11,Optimistis
2025,4,Gula Tebu,77.66830035304312,33.58536603661716,1219852.0033333336,224.84000000000003,35.43733655615763,14.456856959036557,Optimistis
2025,5,Gula Tebu,118.40288066075257,33.58536603661716,1219852.0033333336,224.84000000000003,77.66830035304312,19.879029858907046,Optimistis
2025,6,Gula Tebu,150.78900656675748,33.58536603661716,1219852.0033333336,224.84000000000003,118.40288066075257,35.43733655615763,Optimistis
2025,7,Gula Tebu,145.08766740376655,33.58536603661716,1219852.0033333336,224.84000000000003,150.78900656675748,77.66830035304312,Optimistis
2025,8,Gula Tebu,156.18217467630933,33.58536603661716,1219852.0033333336,224.84000000000003,145.08766740376655,118.40288066075257,Optimistis
2025,9,Gula Tebu,122.92020736366803,33.58536603661716,1219852.0033333336,224.84000000000003,156.18217467630933,150.78900656675748,Optimistis
2025,10,Gula Tebu,82.81280101487832,33.58536603661716,1219852.0033333336,224.84000000000003,122.92020736366803,145.08766740376655,Optimistis
2025,11,Gula Tebu,41.87118499556976,33.58536603661716,1219852.0033333336,224.84000000000003,82.81280101487832,156.18217467630933,Optimistis
2025,12,Gula Tebu,25.794158533237976,33.58536603661716,1219852.0033333336,224.84000000000003,41.87118499556976,122.92020736366803,Optimistis
2026,1,Gula Tebu,22.760380813556353,36.943902640278885,1341837.2036666672,247.3240000000001,25.794158533237976,82.81280101487832,Optimistis
2026,2,Gula Tebu,27.712376269019288,36.943902640278885,1341837.2036666672,247.3240000000001,22.760380813556353,41.87118499556976,Optimistis
2026,3,Gula Tebu,36.24822467985395,36.943902640278885,1341837.2036666672,247.3240000000001,27.712376269019288,25.794158533237976,Optimistis
2026,4,Gula Tebu,79.79151659210267,36.943902640278885,1341837.2036666672,247.3240000000001,36.24822467985395,22.760380813556353,Optimistis
2026,5,Gula Tebu,119.80652917158667,36.943902640278885,1341837.2036666672,247.3240000000001,79.79151659210267,27.712376269019288,Optimistis
2026,6,Gula Tebu,150.44852862565978,36.943902640278885,1341837.2036666672,247.3240000000001,119.80652917158667,36.24822467985395,Optimistis
2026,7,Gula Tebu,144.0118636306441,36.943902640278885,1341837.2036666672,247.3240000000001,150.44852862565978,79.79151659210267,Optimistis
2026,8,Gula Tebu,156.46163529515232,36.943902640278885,1341837.2036666672,247.3240000000001,144.0118636306441,119.80652917158667,Optimistis
2026,9,Gula Tebu,122.7391054227617,36.943902640278885,1341837.2036666672,247.3240000000001,156.46163529515232,150.44852862565978,Optimistis
2026,10,Gula Tebu,83.30082528383102,36.943902640278885,1341837.2036666672,247.3240000000001,122.7391054227617,144.0118636306441,Optimistis
2026,11,Gula Tebu,41.872019556556126,36.943902640278885,1341837.2036666672,247.3240000000001,83.30082528383102,156.46163529515232,Optimistis
2026,12,Gula Tebu,25.795514357723746,36.943902640278885,1341837.2036666672,247.3240000000001,41.872019556556126,122.7391054227617,Optimistis
2027,1,Gula Tebu,22.757752182333732,40.63829290430679,1476020.9240333338,272.0564000000001,25.795514357723746,83.30082528383102,Optimistis
2027,2,Gula Tebu,27.711667618400327,40.63829290430679,1476020.9240333338,272.0564000000001,22.757752182333732,41.872019556556126,Optimistis
2027,3,Gula Tebu,36.252111320027126,40.63829290430679,1476020.9240333338,272.0564000000001,27.711667618400327,25.795514357723746,Optimistis
2027,4,Gula Tebu,79.78568958015646,40.63829290430679,1476020.9240333338,272.0564000000001,36.252111320027126,22.757752182333732,Optimistis
2027,5,Gula Tebu,119.80544348940133,40.63829290430679,1476020.9240333338,272.0564000000001,79.78568958015646,27.711667618400327,Optimistis
2027,6,Gula Tebu,150.45226211790592,40.63829290430679,1476020.9240333338,272.0564000000001,119.80544348940133,36.252111320027126,Optimistis
2027,7,Gula Tebu,144.00965746826063,40.63829290430679,1476020.9240333338,272.0564000000001,150.45226211790592,79.78568958015646,Optimistis
2027,8,Gula Tebu,156.46414489954924,40.63829290430679,1476020.9240333338,272.0564000000001,144.00965746826063,119.80544348940133,Optimistis
2027,9,Gula Tebu,122.73416846635666,40.63829290430679,1476020.9240333338,272.0564000000001,156.46414489954924,150.45226211790592,Optimistis
2027,10,Gula Tebu,83.30325245530017,40.63829290430679,1476020.9240333338,272.0564000000001,122.73416846635666,144.00965746826063,Optimistis
2027,11,Gula Tebu,41.87454590989526,40.63829290430679,1476020.9240333338,272.0564000000001,83.30325245530017,156.46414489954924,Optimistis
2027,12,Gula Tebu,25.79988454010676,40.63829290430679,1476020.9240333338,272.0564000000001,41.87454590989526,122.73416846635666,Optimistis
2025,1,Karet Kering,16.38699719385888,33.58536603661716,1219852.0033333336,329.3400000000001,15.67,14.89,Optimistis
2025,2,Karet Kering,15.206763645766856,33.58536603661716,1219852.0033333336,329.3400000000001,16.38699719385888,14.69,Optimistis
2025,3,Karet Kering,15.02159534135362,33.58536603661716,1219852.0033333336,329.3400000000001,15.206763645766856,15.67,Optimistis
2025,4,Karet Kering,14.518376302447994,33.58536603661716,1219852.0033333336,329.3400000000001,15.02159534135362,16.38699719385888,Optimistis
2025,5,Karet Kering,14.693517789531679,33.58536603661716,1219852.0033333336,329.3400000000001,14.518376302447994,15.206763645766856,Optimistis
2025,6,Karet Kering,16.81323756468642,33.58536603661716,1219852.0033333336,329.3400000000001,14.693517789531679,15.02159534135362,Optimistis
2025,7,Karet Kering,16.35375224204074,33.58536603661716,1219852.0033333336,329.3400000000001,16.81323756468642,14.518376302447994,Optimistis
2025,8,Karet Kering,14.972083788753029,33.58536603661716,1219852.0033333336,329.3400000000001,16.35375224204074,14.693517789531679,Optimistis
2025,9,Karet Kering,16.14811481994835,33.58536603661716,1219852.0033333336,329.3400000000001,14.972083788753029,16.81323756468642,Optimistis
2025,10,Karet Kering,15.525351089629918,33.58536603661716,1219852.0033333336,329.3400000000001,16.14811481994835,16.35375224204074,Optimistis
2025,11,Karet Kering,15.431382502628118,33.58536603661716,1219852.0033333336,329.3400000000001,15.525351089629918,14.972083788753029,Optimistis
2025,12,Karet Kering,16.73345747794961,33.58536603661716,1219852.0033333336,329.3400000000001,15.431382502628118,16.14811481994835,Optimistis
2026,1,Karet Kering,16.79129410108598,36.943902640278885,1341837.2036666672,362.2740000000001,16.73345747794961,15.525351089629918,Optimistis
2026,2,Karet Kering,15.729820785071027,36.943902640278885,1341837.2036666672,362.2740000000001,16.79129410108598,15.431382502628118,Optimistis
2026,3,Karet Kering,15.538001166351947,36.943902640278885,1341837.2036666672,362.2740000000001,15.729820785071027,16.73345747794961,Optimistis
2026,4,Karet Kering,14.76686498127987,36.943902640278885,1341837.2036666672,362.2740000000001,15.538001166351947,16.79129410108598,Optimistis
2026,5,Karet Kering,14.798309917513802,36.943902640278885,1341837.2036666672,362.2740000000001,14.76686498127987,15.729820785071027,Optimistis
2026,6,Karet Kering,17.095114567810274,36.943902640278885,1341837.2036666672,362.2740000000001,14.798309917513802,15.538001166351947,Optimistis
2026,7,Karet Kering,16.50065224792251,36.943902640278885,1341837.2036666672,362.2740000000001,17.095114567810274,14.76686498127987,Optimistis
2026,8,Karet Kering,15.393517543396936,36.943902640278885,1341837.2036666672,362.2740000000001,16.50065224792251,14.798309917513802,Optimistis
2026,9,Karet Kering,16.425422958236478,36.943902640278885,1341837.2036666672,362.2740000000001,15.393517543396936,17.095114567810274,Optimistis
2026,10,Karet Kering,15.966664867671899,36.943902640278885,1341837.2036666672,362.2740000000001,16.425422958236478,16.50065224792251,Optimistis
2026,11,Karet Kering,15.680872730706735,36.943902640278885,1341837.2036666672,362.2740000000001,15.966664867671899,15.393517543396936,Optimistis
2026,12,Karet Kering,17.101927342505906,36.943902640278885,1341837.2036666672,362.2740000000001,15.680872730706735,16.425422958236478,Optimistis
2027,1,Karet Kering,19.57234245637436,40.63829290430679,1476020.9240333338,398.5014000000002,17.101927342505906,15.966664867671899,Optimistis
2027,2,Karet Kering,19.304381182113474,40.63829290430679,1476020.9240333338,398.5014000000002,19.57234245637436,15.680872730706735,Optimistis
2027,3,Karet Kering,19.375944650967277,40.63829290430679,1476020.9240333338,398.5014000000002,19.304381182113474,17.101927342505906,Optimistis
2027,4,Karet Kering,19.06691732236073,40.63829290430679,1476020.9240333338,398.5014000000002,19.375944650967277,19.57234245637436,Optimistis
2027,5,Karet Kering,19.802366234601447,40.63829290430679,1476020.9240333338,398.5014000000002,19.06691732236073,19.304381182113474,Optimistis
2027,6,Karet Kering,21.268232434606496,40.63829290430679,1476020.9240333338,398.5014000000002,19.802366234601447,19.375944650967277,Optimistis
2027,7,Karet Kering,20.559579378131943,40.63829290430679,1476020.9240333338,398.5014000000002,21.268232434606496,19.06691732236073,Optimistis
2027,8,Karet Kering,19.21578475411375,40.63829290430679,1476020.9240333338,398.5014000000002,20.559579378131943,19.802366234601447,Optimistis
2027,9,Karet Kering,21.709285200923503,40.63829290430679,1476020.9240333338,398.5014000000002,19.21578475411375,21.268232434606496,Optimistis
2027,10,Karet Kering,21.951814770337254,40.63829290430679,1476020.9240333338,398.5014000000002,21.709285200923503,20.559579378131943,Optimistis
2027,11,Karet Kering,21.417034952540092,40.63829290430679,1476020.9240333338,398.5014000000002,21.951814770337254,19.21578475411375,Optimistis
2027,12,Karet Kering,23.24452177637044,40.63829290430679,1476020.9240333338,398.5014000000002,21.417034952540092,21.709285200923503,Optimistis
2025,1,Kopi,0.013723551754888819,33.58536603661716,1219852.0033333336,22.55,0.02,0.09,Optimistis
2025,2,Kopi,-0.026995215608724754,33.58536603661716,1219852.0033333336,22.55,0.013723551754888819,0.05,Optimistis
2025,3,Kopi,-0.1066135355121427,33.58536603661716,1219852.0033333336,22.55,-0.026995215608724754,0.02,Optimistis
2025,4,Kopi,0.023331283943019754,33.58536603661716,1219852.0033333336,22.55,-0.1066135355121427,0.013723551754888819,Optimistis
2025,5,Kopi,0.28055889234654674,33.58536603661716,1219852.0033333336,22.55,0.023331283943019754,-0.026995215608724754,Optimistis
2025,6,Kopi,0.861441093370902,33.58536603661716,1219852.0033333336,22.55,0.28055889234654674,-0.1066135355121427,Optimistis
2025,7,Kopi,1.43684654483619,33.58536603661716,1219852.0033333336,22.55,0.861441093370902,0.023331283943019754,Optimistis
2025,8,Kopi,1.472299702672229,33.58536603661716,1219852.0033333336,22.55,1.43684654483619,0.28055889234654674,Optimistis
2025,9,Kopi,0.4900197811647248,33.58536603661716,1219852.0033333336,22.55,1.472299702672229,0.861441093370902,Optimistis
2025,10,Kopi,0.21757083416414003,33.58536603661716,1219852.0033333336,22.55,0.4900197811647248,1.43684654483619,Optimistis
2025,11,Kopi,0.1255488438646406,33.58536603661716,1219852.0033333336,22.55,0.21757083416414003,1.472299702672229,Optimistis
2025,12,Kopi,0.132015517449537,33.58536603661716,1219852.0033333336,22.55,0.1255488438646406,0.4900197811647248,Optimistis
2026,1,Kopi,0.11211258046428196,36.943902640278885,1341837.2036666672,24.805000000000003,0.132015517449537,0.21757083416414003,Optimistis
2026,2,Kopi,0.10706407707756416,36.943902640278885,1341837.2036666672,24.805000000000003,0.11211258046428196,0.1255488438646406,Optimistis
2026,3,Kopi,0.12378798901978971,36.943902640278885,1341837.2036666672,24.805000000000003,0.10706407707756416,0.132015517449537,Optimistis
2026,4,Kopi,0.317727580758129,36.943902640278885,1341837.2036666672,24.805000000000003,0.12378798901978971,0.11211258046428196,Optimistis
2026,5,Kopi,0.9368966399955913,36.943902640278885,1341837.2036666672,24.805000000000003,0.317727580758129,0.10706407707756416,Optimistis
2026,6,Kopi,1.4997780222373929,36.943902640278885,1341837.2036666672,24.805000000000003,0.9368966399955913,0.12378798901978971,Optimistis
2026,7,Kopi,2.3977222773177944,36.943902640278885,1341837.2036666672,24.805000000000003,1.4997780222373929,0.317727580758129,Optimistis
2026,8,Kopi,2.659754960596839,36.943902640278885,1341837.2036666672,24.805000000000003,2.3977222773177944,0.9368966399955913,Optimistis
2026,9,Kopi,1.4451629581593533,36.943902640278885,1341837.2036666672,24.805000000000003,2.659754960596839,1.4997780222373929,Optimistis
2026,10,Kopi,0.5242837727027498,36.943902640278885,1341837.2036666672,24.805000000000003,1.4451629581593533,2.3977222773177944,Optimistis
2026,11,Kopi,0.03930409156835135,36.943902640278885,1341837.2036666672,24.805000000000003,0.5242837727027498,2.659754960596839,Optimistis
2026,12,Kopi,0.1554320872856254,36.943902640278885,1341837.2036666672,24.805000000000003,0.03930409156835135,1.4451629581593533,Optimistis
2027,1,Kopi,0.08393670900802674,40.63829290430679,1476020.9240333338,27.285500000000006,0.1554320872856254,0.5242837727027498,Optimistis
2027,2,Kopi,0.1593540132845508,40.63829290430679,1476020.9240333338,27.285500000000006,0.08393670900802674,0.03930409156835135,Optimistis
2027,3,Kopi,0.11086077818287321,40.63829290430679,1476020.9240333338,27.285500000000006,0.1593540132845508,0.1554320872856254,Optimistis
2027,4,Kopi,0.4756150570654607,40.63829290430679,1476020.9240333338,27.285500000000006,0.11086077818287321,0.08393670900802674,Optimistis
2027,5,Kopi,0.6614822805300851,40.63829290430679,1476020.9240333338,27.285500000000006,0.4756150570654607,0.1593540132845508,Optimistis
2027,6,Kopi,1.2840072820229522,40.63829290430679,1476020.9240333338,27.285500000000006,0.6614822805300851,0.11086077818287321,Optimistis
2027,7,Kopi,2.4166430466637507,40.63829290430679,1476020.9240333338,27.285500000000006,1.2840072820229522,0.4756150570654607,Optimistis
2027,8,Kopi,2.835333502065233,40.63829290430679,1476020.9240333338,27.285500000000006,2.4166430466637507,0.6614822805300851,Optimistis
2027,9,Kopi,1.5687307564474615,40.63829290430679,1476020.9240333338,27.285500000000006,2.835333502065233,1.2840072820229522,Optimistis
2027,10,Kopi,0.7784899813960932,40.63829290430679,1476020.9240333338,27.285500000000006,1.5687307564474615,2.4166430466637507,Optimistis
2027,11,Kopi,0.36461831346842133,40.63829290430679,1476020.9240333338,27.285500000000006,0.7784899813960932,2.835333502065233,Optimistis
2027,12,Kopi,0.21555392583093158,40.63829290430679,1476020.9240333338,27.285500000000006,0.36461831346842133,1.5687307564474615,Optimistis
2025,1,Minyak Sawit,2008.7797740911979,33.58536603661716,1219852.0033333336,10144.2,3118.47,3221.78,Optimistis
2025,2,Minyak Sawit,1868.3874526574534,33.58536603661716,1219852.0033333336,10144.2,2008.7797740911979,3239.06,Optimistis
2025,3,Minyak Sawit,2051.7242834781214,33.58536603661716,1219852.0033333336,10144.2,1868.3874526574534,3118.47,Optimistis
2025,4,Minyak Sawit,2262.367316859942,33.58536603661716,1219852.0033333336,10144.2,2051.7242834781214,2008.7797740911979,Optimistis
2025,5,Minyak Sawit,2394.013578551752,33.58536603661716,1219852.0033333336,10144.2,2262.367316859942,1868.3874526574534,Optimistis
2025,6,Minyak Sawit,2423.436717598795,33.58536603661716,1219852.0033333336,10144.2,2394.013578551752,2051.7242834781214,Optimistis
2025,7,Minyak Sawit,2625.451780728597,33.58536603661716,1219852.0033333336,10144.2,2423.436717598795,2262.367316859942,Optimistis
2025,8,Minyak Sawit,2778.146777194144,33.58536603661716,1219852.0033333336,10144.2,2625.451780728597,2394.013578551752,Optimistis
2025,9,Minyak Sawit,2813.8686803212927,33.58536603661716,1219852.0033333336,10144.2,2778.146777194144,2423.436717598795,Optimistis
2025,10,Minyak Sawit,3153.355837579653,33.58536603661716,1219852.0033333336,10144.2,2813.8686803212927,2625.451780728597,Optimistis
2025,11,Minyak Sawit,3218.827550866085,33.58536603661716,1219852.0033333336,10144.2,3153.355837579653,2778.146777194144,Optimistis
2025,12,Minyak Sawit,3149.2743881717324,33.58536603661716,1219852.0033333336,10144.2,3218.827550866085,2813.8686803212927,Optimistis
2026,1,Minyak Sawit,2002.6499397550995,36.943902640278885,1341837.2036666672,11158.619999999999,3149.2743881717324,3153.355837579653,Optimistis
2026,2,Minyak Sawit,1851.6315949315021,36.943902640278885,1341837.2036666672,11158.619999999999,2002.6499397550995,3218.827550866085,Optimistis
2026,3,Minyak Sawit,2054.106517206397,36.943902640278885,1341837.2036666672,11158.619999999999,1851.6315949315021,3149.2743881717324,Optimistis
2026,4,Minyak Sawit,2271.0223580855827,36.943902640278885,1341837.2036666672,11158.619999999999,2054.106517206397,2002.6499397550995,Optimistis
2026,5,Minyak Sawit,2380.16035030586,36.943902640278885,1341837.2036666672,11158.619999999999,2271.0223580855827,1851.6315949315021,Optimistis
2026,6,Minyak Sawit,2411.845501364673,36.943902640278885,1341837.2036666672,11158.619999999999,2380.16035030586,2054.106517206397,Optimistis
2026,7,Minyak Sawit,2612.894617805928,36.943902640278885,1341837.2036666672,11158.619999999999,2411.845501364673,2271.0223580855827,Optimistis
2026,8,Minyak Sawit,2780.5972340415856,36.943902640278885,1341837.2036666672,11158.619999999999,2612.894617805928,2380.16035030586,Optimistis
2026,9,Minyak Sawit,2803.5041923576846,36.943902640278885,1341837.2036666672,11158.619999999999,2780.5972340415856,2411.845501364673,Optimistis
2026,10,Minyak Sawit,3140.3038591462027,36.943902640278885,1341837.2036666672,11158.619999999999,2803.5041923576846,2612.894617805928,Optimistis
2026,11,Minyak Sawit,3209.514826338748,36.943902640278885,1341837.2036666672,11158.619999999999,3140.3038591462027,2780.5972340415856,Optimistis
2026,12,Minyak Sawit,3147.836709765275,36.943902640278885,1341837.2036666672,11158.619999999999,3209.514826338748,2803.5041923576846,Optimistis
2027,1,Minyak Sawit,2000.2211144955309,40.63829290430679,1476020.9240333338,12274.481999999998,3147.836709765275,3140.3038591462027,Optimistis
2027,2,Minyak Sawit,1847.3737769556305,40.63829290430679,1476020.9240333338,12274.481999999998,2000.2211144955309,3209.514826338748,Optimistis
2027,3,Minyak Sawit,2054.506268056393,40.63829290430679,1476020.9240333338,12274.481999999998,1847.3737769556305,3147.836709765275,Optimistis
2027,4,Minyak Sawit,2264.0766489278885,40.63829290430679,1476020.9240333338,12274.481999999998,2054.506268056393,2000.2211144955309,Optimistis
2027,5,Minyak Sawit,2388.6362865980855,40.63829290430679,1476020.9240333338,12274.481999999998,2264.0766489278885,1847.3737769556305,Optimistis
2027,6,Minyak Sawit,2411.9243022437977,40.63829290430679,1476020.9240333338,12274.481999999998,2388.6362865980855,2054.506268056393,Optimistis
2027,7,Minyak Sawit,2617.4481530408448,40.63829290430679,1476020.9240333338,12274.481999999998,2411.9243022437977,2264.0766489278885,Optimistis
2027,8,Minyak Sawit,2777.0312827244456,40.63829290430679,1476020.9240333338,12274.481999999998,2617.4481530408448,2388.6362865980855,Optimistis
2027,9,Minyak Sawit,2798.226754787293,40.63829290430679,1476020.9240333338,12274.481999999998,2777.0312827244456,2411.9243022437977,Optimistis
2027,10,Minyak Sawit,3130.046257786882,40.63829290430679,1476020.9240333338,12274.481999999998,2798.226754787293,2617.4481530408448,Optimistis
2027,11,Minyak Sawit,3197.5170769281285,40.63829290430679,1476020.9240333338,12274.481999999998,3130.046257786882,2777.0312827244456,Optimistis
2027,12,Minyak Sawit,3142.586418500302,40.63829290430679,1476020.9240333338,12274.481999999998,3197.5170769281285,2798.226754787293,Optimistis
2025,1,Teh,6.952134942041117,33.58536603661716,1219852.0033333336,60.170000000000016,6.74,6.08,Optimistis
2025,2,Teh,5.921472845659467,33.58536603661716,1219852.0033333336,60.170000000000016,6.952134942041117,5.95,Optimistis
2025,3,Teh,5.832474771734075,33.58536603661716,1219852.0033333336,60.170000000000016,5.921472845659467,6.74,Optimistis
2025,4,Teh,6.263235671418482,33.58536603661716,1219852.0033333336,60.170000000000016,5.832474771734075,6.952134942041117,Optimistis
2025,5,Teh,6.877568833609442,33.58536603661716,1219852.0033333336,60.170000000000016,6.263235671418482,5.921472845659467,Optimistis
2025,6,Teh,6.944446946912914,33.58536603661716,1219852.0033333336,60.170000000000016,6.877568833609442,5.832474771734075,Optimistis
2025,7,Teh,6.529280708045083,33.58536603661716,1219852.0033333336,60.170000000000016,6.944446946912914,6.263235671418482,Optimistis
2025,8,Teh,6.597538839538529,33.58536603661716,1219852.0033333336,60.170000000000016,6.529280708045083,6.877568833609442,Optimistis
2025,9,Teh,6.201543958744702,33.58536603661716,1219852.0033333336,60.170000000000016,6.597538839538529,6.944446946912914,Optimistis
2025,10,Teh,6.163866438945494,33.58536603661716,1219852.0033333336,60.170000000000016,6.201543958744702,6.529280708045083,Optimistis
2025,11,Teh,6.220494141835143,33.58536603661716,1219852.0033333336,60.170000000000016,6.163866438945494,6.597538839538529,Optimistis
2025,12,Teh,6.4814588025745214,33.58536603661716,1219852.0033333336,60.170000000000016,6.220494141835143,6.201543958744702,Optimistis
2026,1,Teh,7.3227721038466465,36.943902640278885,1341837.2036666672,66.18700000000004,6.4814588025745214,6.163866438945494,Optimistis
2026,2,Teh,6.699203784202389,36.943902640278885,1341837.2036666672,66.18700000000004,7.3227721038466465,6.220494141835143,Optimistis
2026,3,Teh,7.170867704409522,36.943902640278885,1341837.2036666672,66.18700000000004,6.699203784202389,6.4814588025745214,Optimistis
2026,4,Teh,7.606333100612083,36.943902640278885,1341837.2036666672,66.18700000000004,7.170867704409522,7.3227721038466465,Optimistis
2026,5,Teh,7.618089632044438,36.943902640278885,1341837.2036666672,66.18700000000004,7.606333100612083,6.699203784202389,Optimistis
2026,6,Teh,7.575563878712786,36.943902640278885,1341837.2036666672,66.18700000000004,7.618089632044438,7.170867704409522,Optimistis
2026,7,Teh,7.187356557095321,36.943902640278885,1341837.2036666672,66.18700000000004,7.575563878712786,7.606333100612083,Optimistis
2026,8,Teh,7.022981897557293,36.943902640278885,1341837.2036666672,66.18700000000004,7.187356557095321,7.618089632044438,Optimistis
2026,9,Teh,6.717312345923957,36.943902640278885,1341837.2036666672,66.18700000000004,7.022981897557293,7.575563878712786,Optimistis
2026,10,Teh,7.090082336181655,36.943902640278885,1341837.2036666672,66.18700000000004,6.717312345923957,7.187356557095321,Optimistis
2026,11,Teh,7.2430242922078145,36.943902640278885,1341837.2036666672,66.18700000000004,7.090082336181655,7.022981897557293,Optimistis
2026,12,Teh,7.445009334282003,36.943902640278885,1341837.2036666672,66.18700000000004,7.2430242922078145,6.717312345923957,Optimistis
2027,1,Teh,7.587573655294593,40.63829290430679,1476020.9240333338,72.80570000000003,7.445009334282003,7.090082336181655,Optimistis
2027,2,Teh,6.940287777651104,40.63829290430679,1476020.9240333338,72.80570000000003,7.587573655294593,7.2430242922078145,Optimistis
2027,3,Teh,7.26912400347402,40.63829290430679,1476020.9240333338,72.80570000000003,6.940287777651104,7.445009334282003,Optimistis
2027,4,Teh,7.622889599689834,40.63829290430679,1476020.9240333338,72.80570000000003,7.26912400347402,7.587573655294593,Optimistis
2027,5,Teh,7.685234459406301,40.63829290430679,1476020.9240333338,72.80570000000003,7.622889599689834,6.940287777651104,Optimistis
2027,6,Teh,7.596375988555136,40.63829290430679,1476020.9240333338,72.80570000000003,7.685234459406301,7.26912400347402,Optimistis
2027,7,Teh,7.195997556303119,40.63829290430679,1476020.9240333338,72.80570000000003,7.596375988555136,7.622889599689834,Optimistis
2027,8,Teh,6.995809373650485,40.63829290430679,1476020.9240333338,72.80570000000003,7.195997556303119,7.685234459406301,Optimistis
2027,9,Teh,6.727514205493388,40.63829290430679,1476020.9240333338,72.80570000000003,6.995809373650485,7.596375988555136,Optimistis
2027,10,Teh,7.117201220920173,40.63829290430679,1476020.9240333338,72.80570000000003,6.727514205493388,7.195997556303119,Optimistis
2027,11,Teh,7.281252114531252,40.63829290430679,1476020.9240333338,72.80570000000003,7.117201220920173,6.995809373650485,Optimistis
2027,12,Teh,7.483922056453653,40.63829290430679,1476020.9240333338,72.80570000000003,7.281252114531252,6.727514205493388,Optimistis
2025,1,Gula Tebu,19.8414145859508,27.478935848141308,998060.7300000002,183.96,11.11,71.99,Pesimistis
2025,2,Gula Tebu,22.90819647862763,27.478935848141308,998060.7300000002,183.96,19.8414145859508,30.43,Pesimistis
2025,3,Gula Tebu,41.42923898532986,27.478935848141308,998060.7300000002,183.96,22.90819647862763,11.11,Pesimistis
2025,4,Gula Tebu,77.14467407067039,27.478935848141308,998060.7300000002,183.96,41.42923898532986,19.8414145859508,Pesimistis
2025,5,Gula Tebu,108.11181818588311,27.478935848141308,998060.7300000002,183.96,77.14467407067039,22.90819647862763,Pesimistis
2025,6,Gula Tebu,142.24210019638832,27.478935848141308,998060.7300000002,183.96,108.11181818588311,41.42923898532986,Pesimistis
2025,7,Gula Tebu,157.3559097849659,27.478935848141308,998060.7300000002,183.96,142.24210019638832,77.14467407067039,Pesimistis
2025,8,Gula Tebu,167.13810439077307,27.478935848141308,998060.7300000002,183.96,157.3559097849659,108.11181818588311,Pesimistis
2025,9,Gula Tebu,142.67801608646556,27.478935848141308,998060.7300000002,183.96,167.13810439077307,142.24210019638832,Pesimistis
2025,10,Gula Tebu,90.64494985874848,27.478935848141308,998060.7300000002,183.96,142.67801608646556,157.3559097849659,Pesimistis
2025,11,Gula Tebu,50.603426890536994,27.478935848141308,998060.7300000002,183.96,90.64494985874848,167.13810439077307,Pesimistis
2025,12,Gula Tebu,40.739099196747574,27.478935848141308,998060.7300000002,183.96,50.603426890536994,142.67801608646556,Pesimistis
2026,1,Gula Tebu,52.204001964032784,24.73104226332718,898254.6570000004,165.56400000000002,40.739099196747574,90.64494985874848,Pesimistis
2026,2,Gula Tebu,54.07384822492908,24.73104226332718,898254.6570000004,165.56400000000002,52.204001964032784,50.603426890536994,Pesimistis
2026,3,Gula Tebu,58.63859761655084,24.73104226332718,898254.6570000004,165.56400000000002,54.07384822492908,40.739099196747574,Pesimistis
2026,4,Gula Tebu,95.9196109640578,24.73104226332718,898254.6570000004,165.56400000000002,58.63859761655084,52.204001964032784,Pesimistis
2026,5,Gula Tebu,120.37994004100686,24.73104226332718,898254.6570000004,165.56400000000002,95.9196109640578,54.07384822492908,Pesimistis
2026,6,Gula Tebu,131.883110154375,24.73104226332718,898254.6570000004,165.56400000000002,120.37994004100686,58.63859761655084,Pesimistis
2026,7,Gula Tebu,162.81117549843157,24.73104226332718,898254.6570000004,165.56400000000002,131.883110154375,95.9196109640578,Pesimistis
2026,8,Gula Tebu,172.97217387407235,24.73104226332718,898254.6570000004,165.56400000000002,162.81117549843157,120.37994004100686,Pesimistis
2026,9,Gula Tebu,141.81557873542295,24.73104226332718,898254.6570000004,165.56400000000002,172.97217387407235,131.883110154375,Pesimistis
2026,10,Gula Tebu,92.26659874851478,24.73104226332718,898254.6570000004,165.56400000000002,141.81557873542295,162.81117549843157,Pesimistis
2026,11,Gula Tebu,70.00848755488256,24.73104226332718,898254.6570000004,165.56400000000002,92.26659874851478,172.97217387407235,Pesimistis
2026,12,Gula Tebu,61.38556831043721,24.73104226332718,898254.6570000004,165.56400000000002,70.00848755488256,141.81557873542295,Pesimistis
2027,1,Gula Tebu,55.891478509319434,22.25793803699446,808429.1913000002,149.00760000000005,61.38556831043721,92.26659874851478,Pesimistis
2027,2,Gula Tebu,56.78959303976519,22.25793803699446,808429.1913000002,149.00760000000005,55.891478509319434,70.00848755488256,Pesimistis
2027,3,Gula Tebu,61.762156678276725,22.25793803699446,808429.1913000002,149.00760000000005,56.78959303976519,61.38556831043721,Pesimistis
2027,4,Gula Tebu,93.74423082954284,22.25793803699446,808429.1913000002,149.00760000000005,61.762156678276725,55.891478509319434,Pesimistis
2027,5,Gula Tebu,122.02119532504284,22.25793803699446,808429.1913000002,149.00760000000005,93.74423082954284,56.78959303976519,Pesimistis
2027,6,Gula Tebu,131.48336839729785,22.25793803699446,808429.1913000002,149.00760000000005,122.02119532504284,61.762156678276725,Pesimistis
2027,7,Gula Tebu,162.89148541786574,22.25793803699446,808429.1913000002,149.00760000000005,131.48336839729785,93.74423082954284,Pesimistis
2027,8,Gula Tebu,172.9723865819384,22.25793803699446,808429.1913000002,149.00760000000005,162.89148541786574,122.02119532504284,Pesimistis
2027,9,Gula Tebu,141.81559197050237,22.25793803699446,808429.1913000002,149.00760000000005,172.9723865819384,131.48336839729785,Pesimistis
2027,10,Gula Tebu,92.26620208416522,22.25793803699446,808429.1913000002,149.00760000000005,141.81559197050237,162.89148541786574,Pesimistis
2027,11,Gula Tebu,70.00657472004636,22.25793803699446,808429.1913000002,149.00760000000005,92.26620208416522,172.9723865819384,Pesimistis
2027,12,Gula Tebu,61.386886860678636,22.25793803699446,808429.1913000002,149.00760000000005,70.00657472004636,141.81559197050237,Pesimistis
2025,1,Karet Kering,19.771915171370196,27.478935848141308,998060.7300000002,269.46000000000004,15.67,14.89,Pesimistis
2025,2,Karet Kering,19.801948149168076,27.478935848141308,998060.7300000002,269.46000000000004,19.771915171370196,14.69,Pesimistis
2025,3,Karet Kering,19.692442812050558,27.478935848141308,998060.7300000002,269.46000000000004,19.801948149168076,15.67,Pesimistis
2025,4,Karet Kering,20.14401313301382,27.478935848141308,998060.7300000002,269.46000000000004,19.692442812050558,19.771915171370196,Pesimistis
2025,5,Karet Kering,21.640512034669847,27.478935848141308,998060.7300000002,269.46000000000004,20.14401313301382,19.801948149168076,Pesimistis
2025,6,Karet Kering,23.085419449808988,27.478935848141308,998060.7300000002,269.46000000000004,21.640512034669847,19.692442812050558,Pesimistis
2025,7,Karet Kering,22.80079304889579,27.478935848141308,998060.7300000002,269.46000000000004,23.085419449808988,20.14401313301382,Pesimistis
2025,8,Karet Kering,21.236684470853575,27.478935848141308,998060.7300000002,269.46000000000004,22.80079304889579,21.640512034669847,Pesimistis
2025,9,Karet Kering,23.441919338204706,27.478935848141308,998060.7300000002,269.46000000000004,21.236684470853575,23.085419449808988,Pesimistis
2025,10,Karet Kering,23.59370533648203,27.478935848141308,998060.7300000002,269.46000000000004,23.441919338204706,22.80079304889579,Pesimistis
2025,11,Karet Kering,23.437113564025935,27.478935848141308,998060.7300000002,269.46000000000004,23.59370533648203,21.236684470853575,Pesimistis
2025,12,Karet Kering,25.082395731068416,27.478935848141308,998060.7300000002,269.46000000000004,23.437113564025935,23.441919338204706,Pesimistis
2026,1,Karet Kering,26.38676769936658,24.73104226332718,898254.6570000004,242.51400000000004,25.082395731068416,23.59370533648203,Pesimistis
2026,2,Karet Kering,25.83627870375751,24.73104226332718,898254.6570000004,242.51400000000004,26.38676769936658,23.437113564025935,Pesimistis
2026,3,Karet Kering,25.947392534006465,24.73104226332718,898254.6570000004,242.51400000000004,25.83627870375751,25.082395731068416,Pesimistis
2026,4,Karet Kering,25.80645748320186,24.73104226332718,898254.6570000004,242.51400000000004,25.947392534006465,26.38676769936658,Pesimistis
2026,5,Karet Kering,29.124663968626486,24.73104226332718,898254.6570000004,242.51400000000004,25.80645748320186,25.83627870375751,Pesimistis
2026,6,Karet Kering,29.149595556431414,24.73104226332718,898254.6570000004,242.51400000000004,29.124663968626486,25.947392534006465,Pesimistis
2026,7,Karet Kering,29.019826710095113,24.73104226332718,898254.6570000004,242.51400000000004,29.149595556431414,25.80645748320186,Pesimistis
2026,8,Karet Kering,27.70069266985613,24.73104226332718,898254.6570000004,242.51400000000004,29.019826710095113,29.124663968626486,Pesimistis
2026,9,Karet Kering,29.552270587350367,24.73104226332718,898254.6570000004,242.51400000000004,27.70069266985613,29.149595556431414,Pesimistis
2026,10,Karet Kering,29.307465569871354,24.73104226332718,898254.6570000004,242.51400000000004,29.552270587350367,29.019826710095113,Pesimistis
2026,11,Karet Kering,28.721183723509775,24.73104226332718,898254.6570000004,242.51400000000004,29.307465569871354,27.70069266985613,Pesimistis
2026,12,Karet Kering,31.0024017491898,24.73104226332718,898254.6570000004,242.51400000000004,28.721183723509775,29.552270587350367,Pesimistis
2027,1,Karet Kering,27.748099040727155,22.25793803699446,808429.1913000002,218.26260000000005,31.0024017491898,29.307465569871354,Pesimistis
2027,2,Karet Kering,26.61079331398517,22.25793803699446,808429.1913000002,218.26260000000005,27.748099040727155,28.721183723509775,Pesimistis
2027,3,Karet Kering,27.48361954381958,22.25793803699446,808429.1913000002,218.26260000000005,26.61079331398517,31.0024017491898,Pesimistis
2027,4,Karet Kering,25.921616558111154,22.25793803699446,808429.1913000002,218.26260000000005,27.48361954381958,27.748099040727155,Pesimistis
2027,5,Karet Kering,29.362197394361306,22.25793803699446,808429.1913000002,218.26260000000005,25.921616558111154,26.61079331398517,Pesimistis
2027,6,Karet Kering,29.66180964718619,22.25793803699446,808429.1913000002,218.26260000000005,29.362197394361306,27.48361954381958,Pesimistis
2027,7,Karet Kering,29.389586738368664,22.25793803699446,808429.1913000002,218.26260000000005,29.66180964718619,25.921616558111154,Pesimistis
2027,8,Karet Kering,27.816636995959517,22.25793803699446,808429.1913000002,218.26260000000005,29.389586738368664,29.362197394361306,Pesimistis
2027,9,Karet Kering,29.81132089144294,22.25793803699446,808429.1913000002,218.26260000000005,27.816636995959517,29.66180964718619,Pesimistis
2027,10,Karet Kering,29.722768380360208,22.25793803699446,808429.1913000002,218.26260000000005,29.81132089144294,29.389586738368664,Pesimistis
2027,11,Karet Kering,29.003624704786887,22.25793803699446,808429.1913000002,218.26260000000005,29.722768380360208,27.816636995959517,Pesimistis
2027,12,Karet Kering,31.05423616639365,22.25793803699446,808429.1913000002,218.26260000000005,29.003624704786887,29.81132089144294,Pesimistis
2025,1,Kopi,-0.014906123375659996,27.478935848141308,998060.7300000002,18.45,0.02,0.09,Pesimistis
2025,2,Kopi,-0.0256734085399275,27.478935848141308,998060.7300000002,18.45,-0.014906123375659996,0.05,Pesimistis
2025,3,Kopi,-0.11549105497411882,27.478935848141308,998060.7300000002,18.45,-0.0256734085399275,0.02,Pesimistis
2025,4,Kopi,0.05097591636941057,27.478935848141308,998060.7300000002,18.45,-0.11549105497411882,-0.014906123375659996,Pesimistis
2025,5,Kopi,0.3593278487894118,27.478935848141308,998060.7300000002,18.45,0.05097591636941057,-0.0256734085399275,Pesimistis
2025,6,Kopi,0.8982368335965718,27.478935848141308,998060.7300000002,18.45,0.3593278487894118,-0.11549105497411882,Pesimistis
2025,7,Kopi,1.1986579383935005,27.478935848141308,998060.7300000002,18.45,0.8982368335965718,0.05097591636941057,Pesimistis
2025,8,Kopi,1.0425908236904868,27.478935848141308,998060.7300000002,18.45,1.1986579383935005,0.3593278487894118,Pesimistis
2025,9,Kopi,0.3160872907057377,27.478935848141308,998060.7300000002,18.45,1.0425908236904868,0.8982368335965718,Pesimistis
2025,10,Kopi,0.11061940109318136,27.478935848141308,998060.7300000002,18.45,0.3160872907057377,1.1986579383935005,Pesimistis
2025,11,Kopi,-0.0046774693397309,27.478935848141308,998060.7300000002,18.45,0.11061940109318136,1.0425908236904868,Pesimistis
2025,12,Kopi,-0.01816494949368308,27.478935848141308,998060.7300000002,18.45,-0.0046774693397309,0.3160872907057377,Pesimistis
2026,1,Kopi,-0.0012957076406707735,24.73104226332718,898254.6570000004,16.604999999999997,-0.01816494949368308,0.11061940109318136,Pesimistis
2026,2,Kopi,0.10145533698048581,24.73104226332718,898254.6570000004,16.604999999999997,-0.0012957076406707735,-0.0046774693397309,Pesimistis
2026,3,Kopi,0.20554994809878258,24.73104226332718,898254.6570000004,16.604999999999997,0.10145533698048581,-0.01816494949368308,Pesimistis
2026,4,Kopi,0.5879988275157155,24.73104226332718,898254.6570000004,16.604999999999997,0.20554994809878258,-0.0012957076406707735,Pesimistis
2026,5,Kopi,0.814002409843298,24.73104226332718,898254.6570000004,16.604999999999997,0.5879988275157155,0.10145533698048581,Pesimistis
2026,6,Kopi,0.6941820996084769,24.73104226332718,898254.6570000004,16.604999999999997,0.814002409843298,0.20554994809878258,Pesimistis
2026,7,Kopi,0.8248638052231855,24.73104226332718,898254.6570000004,16.604999999999997,0.6941820996084769,0.5879988275157155,Pesimistis
2026,8,Kopi,0.6245435886718219,24.73104226332718,898254.6570000004,16.604999999999997,0.8248638052231855,0.814002409843298,Pesimistis
2026,9,Kopi,0.43406126477154705,24.73104226332718,898254.6570000004,16.604999999999997,0.6245435886718219,0.6941820996084769,Pesimistis
2026,10,Kopi,0.2968839007444595,24.73104226332718,898254.6570000004,16.604999999999997,0.43406126477154705,0.8248638052231855,Pesimistis
2026,11,Kopi,0.14939963671601686,24.73104226332718,898254.6570000004,16.604999999999997,0.2968839007444595,0.6245435886718219,Pesimistis
2026,12,Kopi,-0.05061270564046705,24.73104226332718,898254.6570000004,16.604999999999997,0.14939963671601686,0.43406126477154705,Pesimistis
2027,1,Kopi,-0.10092250791338953,22.25793803699446,808429.1913000002,14.944499999999994,-0.05061270564046705,0.2968839007444595,Pesimistis
2027,2,Kopi,0.010295689522055618,22.25793803699446,808429.1913000002,14.944499999999994,-0.10092250791338953,0.14939963671601686,Pesimistis
2027,3,Kopi,0.11130119817951223,22.25793803699446,808429.1913000002,14.944499999999994,0.010295689522055618,-0.05061270564046705,Pesimistis
2027,4,Kopi,0.5792334650337262,22.25793803699446,808429.1913000002,14.944499999999994,0.11130119817951223,-0.10092250791338953,Pesimistis
2027,5,Kopi,0.9275662754664851,22.25793803699446,808429.1913000002,14.944499999999994,0.5792334650337262,0.010295689522055618,Pesimistis
2027,6,Kopi,1.0943347840520805,22.25793803699446,808429.1913000002,14.944499999999994,0.9275662754664851,0.11130119817951223,Pesimistis
2027,7,Kopi,1.4470260722578745,22.25793803699446,808429.1913000002,14.944499999999994,1.0943347840520805,0.5792334650337262,Pesimistis
2027,8,Kopi,1.2743692037756265,22.25793803699446,808429.1913000002,14.944499999999994,1.4470260722578745,0.9275662754664851,Pesimistis
2027,9,Kopi,0.7837391657252292,22.25793803699446,808429.1913000002,14.944499999999994,1.2743692037756265,1.0943347840520805,Pesimistis
2027,10,Kopi,0.28215701335444,22.25793803699446,808429.1913000002,14.944499999999994,0.7837391657252292,1.4470260722578745,Pesimistis
2027,11,Kopi,0.08556515535999831,22.25793803699446,808429.1913000002,14.944499999999994,0.28215701335444,1.2743692037756265,Pesimistis
2027,12,Kopi,-0.0393302727484901,22.25793803699446,808429.1913000002,14.944499999999994,0.08556515535999831,0.7837391657252292,Pesimistis
2025,1,Minyak Sawit,2261.7770663867673,27.478935848141308,998060.7300000002,8299.800000000001,3118.47,3221.78,Pesimistis
2025,2,Minyak Sawit,2123.2947412141793,27.478935848141308,998060.7300000002,8299.800000000001,2261.7770663867673,3239.06,Pesimistis
2025,3,Minyak Sawit,2267.9630890476806,27.478935848141308,998060.7300000002,8299.800000000001,2123.2947412141793,3118.47,Pesimistis
2025,4,Minyak Sawit,2296.3084590373946,27.478935848141308,998060.7300000002,8299.800000000001,2267.9630890476806,2261.7770663867673,Pesimistis
2025,5,Minyak Sawit,2358.076858803519,27.478935848141308,998060.7300000002,8299.800000000001,2296.3084590373946,2123.2947412141793,Pesimistis
2025,6,Minyak Sawit,2350.866105398756,27.478935848141308,998060.7300000002,8299.800000000001,2358.076858803519,2267.9630890476806,Pesimistis
2025,7,Minyak Sawit,2416.32432702041,27.478935848141308,998060.7300000002,8299.800000000001,2350.866105398756,2296.3084590373946,Pesimistis
2025,8,Minyak Sawit,2520.311462616878,27.478935848141308,998060.7300000002,8299.800000000001,2416.32432702041,2358.076858803519,Pesimistis
2025,9,Minyak Sawit,2539.209903346469,27.478935848141308,998060.7300000002,8299.800000000001,2520.311462616878,2350.866105398756,Pesimistis
2025,10,Minyak Sawit,2491.4588444015208,27.478935848141308,998060.7300000002,8299.800000000001,2539.209903346469,2416.32432702041,Pesimistis
2025,11,Minyak Sawit,2496.9644245252216,27.478935848141308,998060.7300000002,8299.800000000001,2491.4588444015208,2520.311462616878,Pesimistis
2025,12,Minyak Sawit,2459.098044091412,27.478935848141308,998060.7300000002,8299.800000000001,2496.9644245252216,2539.209903346469,Pesimistis
2026,1,Minyak Sawit,2173.2457749978103,24.73104226332718,898254.6570000004,7469.8200000000015,2459.098044091412,2491.4588444015208,Pesimistis
2026,2,Minyak Sawit,2055.879480567701,24.73104226332718,898254.6570000004,7469.8200000000015,2173.2457749978103,2496.9644245252216,Pesimistis
2026,3,Minyak Sawit,2083.5629496144643,24.73104226332718,898254.6570000004,7469.8200000000015,2055.879480567701,2459.098044091412,Pesimistis
2026,4,Minyak Sawit,2092.796377295915,24.73104226332718,898254.6570000004,7469.8200000000015,2083.5629496144643,2173.2457749978103,Pesimistis
2026,5,Minyak Sawit,2130.656452793945,24.73104226332718,898254.6570000004,7469.8200000000015,2092.796377295915,2055.879480567701,Pesimistis
2026,6,Minyak Sawit,2103.8272744478686,24.73104226332718,898254.6570000004,7469.8200000000015,2130.656452793945,2083.5629496144643,Pesimistis
2026,7,Minyak Sawit,2177.5601241963104,24.73104226332718,898254.6570000004,7469.8200000000015,2103.8272744478686,2092.796377295915,Pesimistis
2026,8,Minyak Sawit,2259.822809668751,24.73104226332718,898254.6570000004,7469.8200000000015,2177.5601241963104,2130.656452793945,Pesimistis
2026,9,Minyak Sawit,2215.0043568002397,24.73104226332718,898254.6570000004,7469.8200000000015,2259.822809668751,2103.8272744478686,Pesimistis
2026,10,Minyak Sawit,2179.3947100916653,24.73104226332718,898254.6570000004,7469.8200000000015,2215.0043568002397,2177.5601241963104,Pesimistis
2026,11,Minyak Sawit,2144.7995605889682,24.73104226332718,898254.6570000004,7469.8200000000015,2179.3947100916653,2259.822809668751,Pesimistis
2026,12,Minyak Sawit,2066.9771924662764,24.73104226332718,898254.6570000004,7469.8200000000015,2144.7995605889682,2215.0043568002397,Pesimistis
2027,1,Minyak Sawit,1980.3396422215085,22.25793803699446,808429.1913000002,6722.838000000003,2066.9771924662764,2179.3947100916653,Pesimistis
2027,2,Minyak Sawit,1890.327558129386,22.25793803699446,808429.1913000002,6722.838000000003,1980.3396422215085,2144.7995605889682,Pesimistis
2027,3,Minyak Sawit,1986.012594820044,22.25793803699446,808429.1913000002,6722.838000000003,1890.327558129386,2066.9771924662764,Pesimistis
2027,4,Minyak Sawit,2025.588176942957,22.25793803699446,808429.1913000002,6722.838000000003,1986.012594820044,1980.3396422215085,Pesimistis
2027,5,Minyak Sawit,2049.9390472640016,22.25793803699446,808429.1913000002,6722.838000000003,2025.588176942957,1890.327558129386,Pesimistis
2027,6,Minyak Sawit,2032.2332936543291,22.25793803699446,808429.1913000002,6722.838000000003,2049.9390472640016,1986.012594820044,Pesimistis
2027,7,Minyak Sawit,2096.8772536379806,22.25793803699446,808429.1913000002,6722.838000000003,2032.2332936543291,2025.588176942957,Pesimistis
2027,8,Minyak Sawit,2153.619085564008,22.25793803699446,808429.1913000002,6722.838000000003,2096.8772536379806,2049.9390472640016,Pesimistis
2027,9,Minyak Sawit,2154.762923470424,22.25793803699446,808429.1913000002,6722.838000000003,2153.619085564008,2032.2332936543291,Pesimistis
2027,10,Minyak Sawit,2101.7598683189617,22.25793803699446,808429.1913000002,6722.838000000003,2154.762923470424,2096.8772536379806,Pesimistis
2027,11,Minyak Sawit,2051.623676395736,22.25793803699446,808429.1913000002,6722.838000000003,2101.7598683189617,2153.619085564008,Pesimistis
2027,12,Minyak Sawit,1991.053917230925,22.25793803699446,808429.1913000002,6722.838000000003,2051.623676395736,2154.762923470424,Pesimistis
2025,1,Teh,7.566657280130267,27.478935848141308,998060.7300000002,49.23000000000001,6.74,6.08,Pesimistis
2025,2,Teh,6.61146516181411,27.478935848141308,998060.7300000002,49.23000000000001,7.566657280130267,5.95,Pesimistis
2025,3,Teh,6.622519203546454,27.478935848141308,998060.7300000002,49.23000000000001,6.61146516181411,6.74,Pesimistis
2025,4,Teh,7.204695454853694,27.478935848141308,998060.7300000002,49.23000000000001,6.622519203546454,7.566657280130267,Pesimistis
2025,5,Teh,7.2296611905595745,27.478935848141308,998060.7300000002,49.23000000000001,7.204695454853694,6.61146516181411,Pesimistis
2025,6,Teh,7.016484959888616,27.478935848141308,998060.7300000002,49.23000000000001,7.2296611905595745,6.622519203546454,Pesimistis
2025,7,Teh,6.971187341611439,27.478935848141308,998060.7300000002,49.23000000000001,7.016484959888616,7.204695454853694,Pesimistis
2025,8,Teh,6.809190800443849,27.478935848141308,998060.7300000002,49.23000000000001,6.971187341611439,7.2296611905595745,Pesimistis
2025,9,Teh,6.555473787063122,27.478935848141308,998060.7300000002,49.23000000000001,6.809190800443849,7.016484959888616,Pesimistis
2025,10,Teh,6.6394078157499505,27.478935848141308,998060.7300000002,49.23000000000001,6.555473787063122,6.971187341611439,Pesimistis
2025,11,Teh,6.7082587855439355,27.478935848141308,998060.7300000002,49.23000000000001,6.6394078157499505,6.809190800443849,Pesimistis
2025,12,Teh,7.047827667604313,27.478935848141308,998060.7300000002,49.23000000000001,6.7082587855439355,6.555473787063122,Pesimistis
2026,1,Teh,7.5036005911570065,24.73104226332718,898254.6570000004,44.30700000000001,7.047827667604313,6.6394078157499505,Pesimistis
2026,2,Teh,6.724044891631066,24.73104226332718,898254.6570000004,44.30700000000001,7.5036005911570065,6.7082587855439355,Pesimistis
2026,3,Teh,6.951722488698814,24.73104226332718,898254.6570000004,44.30700000000001,6.724044891631066,7.047827667604313,Pesimistis
2026,4,Teh,7.4942818773622975,24.73104226332718,898254.6570000004,44.30700000000001,6.951722488698814,7.5036005911570065,Pesimistis
2026,5,Teh,7.361028624407589,24.73104226332718,898254.6570000004,44.30700000000001,7.4942818773622975,6.724044891631066,Pesimistis
2026,6,Teh,7.172915489036407,24.73104226332718,898254.6570000004,44.30700000000001,7.361028624407589,6.951722488698814,Pesimistis
2026,7,Teh,7.196851580548418,24.73104226332718,898254.6570000004,44.30700000000001,7.172915489036407,7.4942818773622975,Pesimistis
2026,8,Teh,7.021746128935198,24.73104226332718,898254.6570000004,44.30700000000001,7.196851580548418,7.361028624407589,Pesimistis
2026,9,Teh,6.6743607034868555,24.73104226332718,898254.6570000004,44.30700000000001,7.021746128935198,7.172915489036407,Pesimistis
2026,10,Teh,6.96104533456606,24.73104226332718,898254.6570000004,44.30700000000001,6.6743607034868555,7.196851580548418,Pesimistis
2026,11,Teh,7.15437657785175,24.73104226332718,898254.6570000004,44.30700000000001,6.96104533456606,7.021746128935198,Pesimistis
2026,12,Teh,7.243853746489091,24.73104226332718,898254.6570000004,44.30700000000001,7.15437657785175,6.6743607034868555,Pesimistis
2027,1,Teh,7.519948224155966,22.25793803699446,808429.1913000002,39.87630000000001,7.243853746489091,6.96104533456606,Pesimistis
2027,2,Teh,6.727572299557643,22.25793803699446,808429.1913000002,39.87630000000001,7.519948224155966,7.15437657785175,Pesimistis
2027,3,Teh,6.994158048381866,22.25793803699446,808429.1913000002,39.87630000000001,6.727572299557643,7.243853746489091,Pesimistis
2027,4,Teh,7.451171457218345,22.25793803699446,808429.1913000002,39.87630000000001,6.994158048381866,7.519948224155966,Pesimistis
2027,5,Teh,7.337087067108233,22.25793803699446,808429.1913000002,39.87630000000001,7.451171457218345,6.727572299557643,Pesimistis
2027,6,Teh,7.158455058804783,22.25793803699446,808429.1913000002,39.87630000000001,7.337087067108233,6.994158048381866,Pesimistis
2027,7,Teh,7.180696536694235,22.25793803699446,808429.1913000002,39.87630000000001,7.158455058804783,7.451171457218345,Pesimistis
2027,8,Teh,7.0103470418723575,22.25793803699446,808429.1913000002,39.87630000000001,7.180696536694235,7.337087067108233,Pesimistis
2027,9,Teh,6.697545544689453,22.25793803699446,808429.1913000002,39.87630000000001,7.0103470418723575,7.158455058804783,Pesimistis
2027,10,Teh,6.995575394676881,22.25793803699446,808429.1913000002,39.87630000000001,6.697545544689453,7.180696536694235,Pesimistis
2027,11,Teh,7.155852569113471,22.25793803699446,808429.1913000002,39.87630000000001,6.995575394676881,7.0103470418723575,Pesimistis
2027,12,Teh,7.264855803404893,22.25793803699446,808429.1913000002,39.87630000000001,7.155852569113471,6.697545544689453,Pesimistis
